Date,Monthly Open,futures,Outlays - Receipts,US Bond,Outlays,Receipts,Government Account Series,State and Local Government Series,Treasury Inflation-Protected Securities,Principal Amount  Balance,Net Unamortized Amount Balance,Bill(Net Sales Amount),Note(Net Sales Amount),Bond(Net Sales Amount),Saving Bond typeI,Saving Bond typeEE,Principal Amount Increase,Net Unamortized Amount Increase,Principal Amount Decrease,Net Unamortized Amount Decrease,Accrued Interest Payable Amount,Accrued Interest Increase,Accrued Interest decrease
2001/1/31,2001/1/1,105.22,-76379,5.178999901,142836,219215,2348243,147898,,,,,,,,,,,,,,,
2001/2/28,2001/2/1,106.33,48168,4.907999992,158649,110481,2354000,149904,,,,,,,,,,,,,,,
2001/3/31,2001/3/1,106.2,50662,4.914999962,180736,130074,2360298,152887,,,,,,,,,,,,,,,
2001/4/30,2001/4/1,103.78,-189796,5.337999821,141999,331796,2385627,154746,,,,,,,,,,,,,,,
2001/5/31,2001/5/1,103.69,27919,5.413000107,153508,125590,2401909,155955,,,,,,,,,,,,,,,
2001/6/30,2001/6/1,103.02,-31862,5.389999866,171025,202887,2474736,153322,,,,,,,,,,,,,,,
2001/7/31,2001/7/1,106.11,-2820,5.037000179,125022,127842,2474826,149095,,,,,,,,,,,,,,,
2001/8/31,2001/8/1,107.22,79990,4.815999985,202549,122559,2452553,147293,,,,,,,,,,,,,,,
2001/9/30,2001/9/1,108.78,-35501,4.574999809,123110,158611,2492141,146364,,,,,,,,,,,,,,,
2001/10/31,2001/10/1,111.52,7656,4.263000011,164819,157163,2508064,148631,,,,,,,498.61,,,,,,,,
2001/11/30,2001/11/1,108.25,54267,4.743999958,175500,121233,2510442,148209,,,,,,,1083.4,,,,,,,,
2001/12/31,2001/12/1,105.14,-26567,5.032000065,161347,187914,2574756,146246,,,,,,,280.45,,,,,,,,
2002/1/31,2002/1/1,105.88,-43729,5.025000095,159723,203452,2584822,143196,,,,,,,597.38,,,,,,,,
2002/2/28,2002/2/1,107.25,76056,4.859000206,174018,97962,2588053,141823,,,,,,,456.62,,,,,,,,
2002/3/31,2002/3/1,102.45,64238,5.406000137,175458,111220,2589665,141053,,,,,,,294.01,,,,,,,,
2002/4/30,2002/4/1,105.56,-67170,5.09100008,170257,237426,2610543,140295,,,,,,,10310.87,,,,,,,,
2002/5/31,2002/5/1,106.73,80631,5.043000221,183127,102496,2586992,146380,,,,,,,1830.04,,,,,,,,
2002/6/30,2002/6/1,107.23,-29071,4.823999882,153562,182633,2691373,142746,,,,,,,1517.5,,,,,,,,
2002/7/31,2002/7/1,110.61,29159,4.465000153,163568,134409,2689163,134840,,,,,,,2059.5,,,,,,,,
2002/8/31,2002/8/1,113.17,54709,4.137000084,179328,124619,2683462,141631,,,,,,,2431.81,,,,,,,,
2002/9/30,2002/9/1,115.91,-42388,3.607000113,150310,192698,2707295,144286,,,,,,,3318.41,,,,,,,,
2002/10/31,2002/10/1,114.72,54072,3.911000013,178615,124543,2743628,149573,,,,,,,405958.97,,,,,,,,
2002/11/30,2002/11/1,112.52,58883,4.212999821,178901,120017,2742628,154090,,,,,,,6770151.85,,,,,,,,
2002/12/31,2002/12/1,115.05,-4719,3.818000078,178069,182787,2806946,153398,,,,,,,13653211.24,,,,,,,,
2003/1/31,2003/1/1,113.92,-10633,3.974999905,177251,187884,2814641,148574,,,,,,,24563629.29,,,,,,,,
2003/2/28,2003/2/1,116.72,96663,3.696000099,186140,89477,2780528,149561,,,,,,,13953873.19,,,,,,,,
2003/3/31,2003/3/1,114.88,58877,3.822999954,179234,120358,2736824,148826,,,,,,,16071601.67,,,,,,,,
2003/4/30,2003/4/1,115.12,-51066,3.857000113,180094,231160,2754240,145741,,,,,,,45873430.35,,,,,,,,
2003/5/31,2003/5/1,119.06,88867,3.349999905,192278,103411,2819235,140651,,,,,,,44931009.2,2550060.82,,,,,,,
2003/6/30,2003/6/1,117.44,-21230,3.528000116,171814,193043,2905466,140497,,,,,,,42691143.75,2530914.83,,,,,,,
2003/7/31,2003/7/1,110.62,54240,4.473999977,177792,123551,2900910,146673,,,,,,,64850787.58,3650533.22,,,,,,,
2003/8/31,2003/8/1,111.53,76587,4.453999996,190830,114243,2895158,149855,,,,,,,92157740.44,3426953.26,,,,,,,
2003/9/30,2003/9/1,114.62,-23402,3.937000036,168229,191632,2912216,148366,,,,,,,111368912.2,3326785.34,,,,,,,
2003/10/31,2003/10/1,112.3,69545,4.301000118,205370,135825,2935227,149094,,,,,,,225515632.8,5356420.53,,,,,,,
2003/11/30,2003/11/1,112.41,42971,4.320000172,161179,118207,2945370,148346,,,,,,,36361799.36,7644948.64,,,,,,,
2003/12/31,2003/12/1,112.27,17640,4.256999969,204370,186730,3006980,149189,,,,,,,30584933.05,12470034.52,,,,,,,
2004/1/31,2004/1/1,113.44,1633,4.138000011,186802,185169,3016822,147438,,,,,,,45973688.17,21566669.13,,,,,,,
2004/2/29,2004/2/1,115.38,96701,3.983999968,188709,92009,3019670,147603,,,,,,,22520541.95,12539544.23,,,,,,,
2004/3/31,2004/3/1,115.41,72913,3.836999893,205337,132425,3008617,155712,,,,,,,25508219.42,11295573.92,,,,,,,
2004/4/30,2004/4/1,110.5,-17578,4.500999928,202513,220091,3029036,161634,,,,,,,19309640.31,9399428.6,,,,,,,
2004/5/31,2004/5/1,109.88,62463,4.65500021,177913,115450,3045225,161058,,,,,,,62741830.52,9702346.73,,,,,,,
2004/6/30,2004/6/1,109.33,-19124,4.617000103,195258,214382,3111724,161474,200391,,,,,,43521656.55,8113269.96,,,,,,,
2004/7/31,2004/7/1,110.72,69160,4.474999905,203575,134415,3105732,156803,222609,,,,,,35029475.8,7051627.93,,,,,,,
2004/8/31,2004/8/1,113.47,41132,4.131999969,178861,137729,3110630,154923,223337,,,,,,33704551.12,5963829.08,,,,,,,
2004/9/30,2004/9/1,112.62,-24611,4.118999958,182740,207351,3129990,158214,223018,,,,,,27207807.06,4888365.98,,,,,,,
2004/10/31,2004/10/1,113.56,56618,4.028999805,193514,136896,3121569,160523,244175,,,,,,25194824.97,4805954.85,,,,,,,
2004/11/30,2004/11/1,111.45,57170,4.357999802,191717,134547,3158863,157754,244677,,,,,,70677696.29,12371532.2,,,,,,,
2004/12/31,2004/12/1,111.94,2561,4.21600008,218310,215749,3230551,160682,245941,,,,,,67380061.2,11979338.68,,,,,,,
2005/1/31,2005/1/1,112.27,-8106,4.132999897,194111,202217,3243619,163754,267266,,,,,,86591360.23,21061477,,,,,,,
2005/2/28,2005/2/1,110.88,113789,4.359000206,214660,100871,3249385,164008,266349,,,,,,38777236.27,7897885.6,,,,,,,
2005/3/31,2005/3/1,109.27,71724,4.495999813,220483,148759,3248893,179005,266837,,,,,,32232450.6,7813554.58,,,,,,,
2005/4/30,2005/4/1,111.42,-57924,4.201000214,219690,277614,3259619,189033,286475,,,,,,27072918.71,25412745.21,,,,,,,
2005/5/31,2005/5/1,112.84,36190,4.006000042,188920,152731,3282156,200362,288701,,,,,,122194104.6,3935983.28,,,,,,,
2005/6/30,2005/6/1,113.47,-22473,3.944999933,212335,234808,3356344,206744,290650,,,,,,70901287.64,3111276.37,,,,,,,
2005/7/31,2005/7/1,110.98,53395,4.285999775,195487,142092,3354424,213051,305624,,,,,,54423726.74,2814892.37,,,,,,,
2005/8/31,2005/8/1,112.92,51036,4.019999981,206474,155438,3360856,217724,305753,,,,,,53248142.97,2999850.94,,,,,,,
2005/9/30,2005/9/1,109.92,-35234,4.328000069,216394,251628,3380605,225283,307124,,,,,,39459209.24,2811583.26,,,,,,,
2005/10/31,2005/10/1,108.45,47277,4.559000015,196764,149488,3426716,226929,324026,4650516,-35994,111130000,6751000,,143672748,2471203.68,332366,-3317,283089,-2854,42249,14724,7436
2005/11/30,2005/11/1,108.73,83072,4.5,221911,138840,3432818,231467,327907,4709403,-36370,336089000,14820000,,321140491,2761917.78,388842,-3420,329955,-3044,29717,16617,23149
2005/12/31,2005/12/1,109.41,-10967,4.394999981,230916,241883,3506577,235566,328678,4714821,-36826,548536000,3831000,,252893763.4,3295019.87,406039,-3880,400621,-3424,40196,14014,3535
2006/1/31,2006/1/1,108.44,-20964,4.52699995,209045,230010,3523210,233441,346861,4724637,-36859,597219000,41372000,,321571167.3,4665751.01,347391,-3440,337575,-3407,42944,10920,8172
2006/2/28,2006/2/1,108,119237,4.546999931,232091,112853,3513085,234545,345551,4771117,-37870,850697000,35892000,,154372767.9,2425929.68,348989,-3981,302509,-2970,27100,11011,26855
2006/3/31,2006/3/1,106.39,85281,4.853000164,249843,164563,3551185,234844,347899,4872485,-38960,1238934000,28038000,,139237796.6,2623119.14,505283,-5059,403915,-3969,36621,16073,6552
2006/4/30,2006/4/1,105.58,-118841,5.068999767,196249,315090,3589106,238663,367656,4819949,-38281,1061588000,,,94207918.2,2260916.67,296608,-3287,349144,-3966,45576,14400,5445
2006/5/31,2006/5/1,105.08,42907,5.112999916,235564,192657,3604230,239174,369651,4807517,-37998,1263091000,70816000,,32321375.23,3107181.29,385561,-3583,397993,-3866,32222,16154,29508
2006/6/30,2006/6/1,104.86,-20517,5.138000011,243838,264355,3680235,242022,372757,4797205,-38145,1553640000,51579000,,16764183.79,2790804.8,405056,-4310,415368,-4163,40786,16903,8339
2006/7/31,2006/7/1,106.03,33164,4.987999916,192925,159761,3683171,237425,393657,4819732,-38218,1471536000,33890000,,14466309.68,2334342.28,330464,-4380,307936,-4307,45001,16296,12081
2006/8/31,2006/8/1,107.42,64717,4.731999874,218595,153878,3689211,238603,394485,4884685,-40549,1739504000,60631000,,11211602.17,2386459.61,481802,-6172,416849,-3841,29637,15240,30604
2006/9/30,2006/9/1,108.06,-56167,4.632999897,227131,283298,3722747,238835,395638,4843121,-40165,1356214000,1440000,,10338870.68,2342366.29,,,,,41119,,
2006/10/31,2006/10/1,108.22,49321,4.605999947,217014,167693,3762745,241728,415359,4880611,-39754,1302863000,45137000,,14909992.38,2494720.03,346502,-3661,309012,-4072,45743,15541,10917
2006/11/30,2006/11/1,109.11,73042,4.458000183,218907,145866,3762962,247794,413418,4929567,-40387,1802994000,44197000,,28659962.92,2301367.4,474747,-4871,425791,-4238,34033,12192,23902
2006/12/31,2006/12/1,107.47,-41961,4.710000038,218007,259969,3839348,257634,411193,4901047,-39623,1344084000,742000,,25637984.53,3144130.76,313781,-3657,342301,-4421,45517,12502,1018
2007/1/31,2007/1/1,106.75,-38236,4.826000214,222372,260609,3853802,266119,410951,4913961,-39143,1613237000,57165000,,46753992.3,3156828.91,338284,-3665,325370,-4145,47549,14316,12284
2007/2/28,2007/2/1,108.56,119993,4.550000191,240305,120312,3859356,270456,411485,4979111,-39503,1740542000,43239000,,20844346.16,2363146.7,384138,-4195,318988,-3835,29847,14208,31910
2007/3/31,2007/3/1,108.12,96270,4.647999763,262761,166490,3859248,281928,412706,5053940,-40173,2068422000,972000,,22112827.78,2666579.43,468078,-5229,393249,-4559,42504,16474,3817
2007/4/30,2007/4/1,108.33,-177674,4.630000114,205967,383641,3897297,291250,431084,5007058,-39127,1787396000,43273000,,19672374.11,2353515.14,388761,-3323,435643,-4369,46925,17191,12770
2007/5/31,2007/5/1,106.39,67699,4.889999866,231937,164239,3912291,300303,434960,4980871,-39278,2250752000,35521000,,13427617.93,2069524.75,396428,-4227,422615,-4076,36102,19285,30108
2007/6/30,2007/6/1,105.7,-27481,5.032999992,249036,276517,3989271,301624,437819,4943092,-39175,1575807000,3641000,,10299151.61,1928994.11,294177,-3767,331956,-3870,47602,17888,6388
2007/7/31,2007/7/1,107.42,36447,4.770999908,206886,170439,3994227,297699,456040,5003717,-39297,1748851000,50689000,,9581068.02,1857752.8,348909,-3942,288284,-3820,49019,18366,16949
2007/8/31,2007/8/1,109.48,116973,4.537000179,283518,166545,3976442,296590,456993,5096938,-40608,2278584000,29929000,,9643361.7,2008870.53,553108,-5432,459887,-4121,32083,16517,33453
2007/9/30,2007/9/1,109.28,-112866,4.578999996,172488,285354,4026772,296513,456916,5049305,-39441,1406622000,1960000,,8957748.67,1829449.18,,,,,44386,,
2007/10/31,2007/10/1,110.02,56838,4.474999905,235014,178175,4081375,297300,469446,5067079,-38413,1313038000,28468000,,12462930.21,2086347.92,326155,-2738,308381,-3766,48587,14821,10620
2007/11/30,2007/11/1,113.92,98238,3.971999884,249293,151055,4073662,296943,470669,5146579,-38434,1677525000,19914000,,18137731.09,1879373.31,500847,-3787,421347,-3766,36899,16271,27959
2007/12/31,2007/12/1,113.39,-48261,4.034999847,228721,276982,4164266,293239,471686,5136303,-37237,1132988000,20767000,,39144552.18,3277712.48,370756,-2503,381032,-3700,45199,16533,8233
2008/1/31,2008/1/1,116.72,-17839,3.638999939,237379,255217,4181707,286451,472013,5132265,-36792,1503767000,17626000,,29269784.86,2887843.21,385720,-2865,389758,-3310,48997,18306,14508
2008/2/29,2008/2/1,118.69,175563,3.53399992,281287,105723,4175632,284921,471797,5259804,-36563,1222059000,12984000,,19738711.98,2408771.17,499735,-2630,372196,-2859,31513,14275,31759
2008/3/31,2008/3/1,118.95,48212,3.431999922,227028,178816,4183685,286344,474056,5334116,-35080,1188226000,10726000,,26690525.18,3111812.25,450969,-1431,376657,-2914,40635,17682,8560
2008/4/30,2008/4/1,115.81,-159282,3.759000063,244469,403751,4213642,286818,490272,5244195,-33750,1075036800,8467800,,45768030.39,2640763.74,382713,-997,472634,-2327,47460,16455,9630
2008/5/31,2008/5/1,113.95,165927,4.046000004,290199,124272,4190825,280017,494295,5278699,-34122,1306912600,3410400,,16159168.28,1816565.85,470869,-2408,436365,-2036,40292,19485,26653
2008/6/30,2008/6/1,113.92,-33547,3.979000092,226365,259912,4288079,275203,497468,5285064,-34535,1105163900,48605300,,9042454.32,1532995.58,443279,-2359,436914,-1946,44112,17847,14027
2008/7/31,2008/7/1,114.83,102767,3.979000092,263261,160494,4266035,265534,516527,5403382,-35962,1791104600,20246900,,9974518.38,1444612.45,522843,-3385,404525,-1958,47875,19589,15826
2008/8/31,2008/8/1,116.69,111914,3.812999964,268930,157016,4250862,261553,521385,5479100,-36730,1458466800,9449800,,7994071.76,1284476.18,473051,-2786,397333,-2018,35651,20534,32758
2008/9/30,2008/9/1,114.62,-45734,3.826999903,226494,272228,4297677,260238,524537,5808692,-36124,1699781000,43722500,,8462401.2,1617238.42,,,,,40127,,
2008/10/31,2008/10/1,113.08,155533,3.970000029,320360,164827,4358403,254564,536150,6302794,-37562,2016743000,21107700,,11278829.26,1648224.79,1115223,-3799,621121,-2361,47563,13464,6028
2008/11/30,2008/11/1,122.89,125201,2.957000017,269970,144769,4353747,253455,535437,6396591,-36916,1144049800,15467000,,16780814.49,1476127.85,642405,-1757,548608,-2403,40142,13810,21231
2008/12/31,2008/12/1,125.75,51754,2.243999958,289540,237786,4421658,249318,530130,6369319,-34119,868430400,31693500,,24984806.56,2232543.51,574032,648,601304,-2149,44443,10069,5768
2009/1/31,2009/1/1,122.67,63457,2.844000101,289548,226090,4406044,244800,516703,6317299,-31215,1206648300,3147800,,41226141.42,2511076.04,683210,981,735230,-1923,51359,6558,-358
2009/2/28,2009/2/1,121.7,193859,3.040999889,281171,87312,4391447,241929,511510,6579163,-30874,1163637000,20078200,1970600,24274042.32,1735340.96,673130,-916,411266,-1257,34013,8527,25873
2009/3/31,2009/3/1,124.08,191589,2.684999943,320514,128926,4388682,240096,513120,6833543,-31759,1133149600,34857100,1366900,28422999.15,1949440.69,826643,-2245,572263,-1360,39640,17120,11493
2009/4/30,2009/4/1,120.94,20907,3.124000072,287113,266206,4403906,238195,529858,6930825,-31506,1175745900,16032100,,27898726.09,1648416.32,738046,-994,640764,-1247,46896,17576,10320
2009/5/31,2009/5/1,118.62,189651,3.464999914,306868,117217,4399423,235523,531019,7019322,-31059,957585700,8030600,6640200,7118623.09,1397716.52,679017,-716,590520,-1163,40176,16725,23445
2009/6/30,2009/6/1,116.27,94332,3.523000002,309671,215340,4468613,232965,532326,7174912,-33257,866097600,47954100,4673000,4945728.56,1509922,788076,-3217,632486,-1019,44498,16277,11955
2009/7/31,2009/7/1,117.28,180680,3.500999928,332160,151481,4431781,223901,548048,7335598,-33847,1032869700,41448100,2459600,4149772.33,1412366.57,885469,-1572,724783,-982,49074,17177,12601
2009/8/31,2009/8/1,118.55,103555,3.401000023,249084,145529,4425942,218336,552413,7484145,-34347,886231800,50068900,6609700,3666631.57,1269978.71,765270,-1435,616723,-935,32365,20073,36782
2009/9/30,2009/9/1,118.33,45207,3.306999922,264088,218880,4454316,216488,551736,7551862,-33905,831591400,43109900,7267200,3341922.56,1190661.17,,,,,41348,,
2009/10/31,2009/10/1,118.61,176363,3.39199996,311656,135293,4501135,215785,567094,7487887,-31211,1041527000,5597800,1758200,3449496.65,1281697.71,614692,1806,678667,-888,53452,17072,4968
2009/11/30,2009/11/1,121.17,120287,3.200999975,253850,133563,4497408,212891,567515,7712387,-31589,765050600,78726200,6705100,13071909.24,1524719.83,751352,-1079,526852,-701,38318,15885,31019
2009/12/31,2009/12/1,115.45,91410,3.842999935,310329,218919,4597132,214138,568055,7811009,-32129,905858900,29596600,2365600,18951248.13,2113913.35,731419,-1201,632797,-661,47316,16734,7736
2010/1/31,2010/1/1,118.16,42634,3.608999968,247873,205239,4616193,207658,564271,7759490,-33112,696442400,7829500,4231200,31692775.6,2451235.81,380762,-1615,432281,-632,56333,16991,7974
2010/2/28,2010/2/1,118.91,220909,3.595000029,328429,107520,4601837,204133,571435,7936671,-33369,828797100,40578000,16832000,15517397.64,1541649.45,608504,-818,431323,-561,38631,14203,31905
2010/3/31,2010/3/1,116.25,65387,3.832999945,218745,153358,4580640,208494,573199,8290069,-34264,762989300,77365300,7337400,15677011.55,1670121.08,819163,-1528,465765,-633,44065,18763,13329
2010/4/30,2010/4/1,117.91,82689,3.663000107,327950,245260,4611722,209445,561207,8434435,-35423,900637900,51499400,5468300,15540626.89,1500918.29,828405,-1797,684039,-638,52164,17013,8914
2010/5/31,2010/5/1,120.67,135927,3.301000118,282721,146794,4598742,209330,563218,8494419,-35646,742202800,25919000,5842300,8360529.36,1528869.8,568837,-913,508853,-690,46226,19652,25590
2010/6/30,2010/6/1,122.55,68422,2.950999975,319470,251048,4669888,204002,564462,8633680,-35143,696257400,57133800,1800600,6906640.63,1551481.95,816606,-134,677345,-637,50096,18041,14171
2010/7/31,2010/7/1,123.81,165043,2.907000065,320588,155546,4638636,195589,576911,8702458,-33755,798524000,14449700,1795800,6078263.25,1633834.98,752690,747,683912,-641,60462,18155,7789
2010/8/31,2010/8/1,126.5,90526,2.476999998,254524,163998,4627455,192658,583639,8927061,-34302,620077700,72665200,11040300,6102992.12,1781987.3,855721,-1189,631118,-642,37588,17154,40028
2010/9/30,2010/9/1,126.05,34607,2.51699996,279813,245207,4645280,193208,593840,9022808,-33870,644091900,35340900,2458300,5751612.7,1801602.66,,,,,46991,,
2010/10/31,2010/10/1,126.28,140432,2.611999989,286384,145951,4706387,195009,604653,9069879,-32703,493908500,-2461800,1480900,7688479.5,2151391.76,588137,540,511066,-627,61146,18689,4534
2010/11/30,2010/11/1,125.05,150394,2.796999931,299364,148970,4693896,194181,615353,9275025,-32261,484880100,36369500,6415500,6230671.88,2141574.91,770007,-144,564861,-586,42160,17760,36746
2010/12/31,2010/12/1,120.44,78134,3.305000067,315009,236875,4745249,192928,616106,9390476,-33922,598370200,30402700,5706900,8346294.87,2741988.44,783259,-2272,667808,-611,52050,18954,9064
2011/1/31,2011/1/1,120.8,49796,3.378000021,276346,226550,4755829,187213,615814,9485417,-35806,472985900,30587600,5309800,15507724.84,3320671.57,657773,-2506,562832,-622,57665,18778,13163
2011/2/28,2011/2/1,120.34,222507,3.414000034,333163,110656,4741324,182360,626343,9565541,-36088,491014200,41636700,21405500,7783934.81,2361958.19,654073,-854,573949,-572,38003,17957,37619
2011/3/31,2011/3/1,119.03,188154,3.453999996,339048,150894,4733014,181922,640840,9651643,-34994,554801100,46042700,6605500,7487679.95,2467580.46,777328,473,691226,-621,49043,21797,10757
2011/4/30,2011/4/1,121.14,40387,3.296000004,329929,289543,4748039,180849,635429,9654950,-33648,429384900,19220100,9260800,6583016.7,2275465.19,519336,781,516029,-565,64112,21648,6579
2011/5/31,2011/5/1,124.03,57641,3.049999952,232577,174936,4684821,175651,653818,9723456,-33903,518144700,121149000,10434900,31579337.75,2691659.71,632981,-805,564475,-550,44619,25227,44720
2011/6/30,2011/6/1,122.33,43080,3.157999992,292738,249658,4620377,166423,665523,9742223,-32691,803958800,95045800,7698100,21559196.9,2328810.81,619106,704,600339,-508,54605,22774,12788
2011/7/31,2011/7/1,125.69,129376,2.805000067,288439,159063,4588205,155835,681504,9755796,-31599,667715300,20553700,3508200,22262987.8,2238528.55,427203,592,413630,-500,66936,22368,10037
2011/8/31,2011/8/1,130.03,134143,2.217999935,303388,169246,4791292,150918,693766,10024253,-31348,751347300,164741200,5220000,26040796.79,2668616.36,859800,-239,591343,-490,41109,18668,44495
2011/9/30,2011/9/1,130.09,62750,1.924000025,302903,240153,4793916,151831,705693,10127031,-29538,927896200,106948300,3872800,21090593.43,2844373.66,,,,,51470,,
2011/10/31,2011/10/1,129.06,98466,2.174999952,261539,163072,4872195,154480,715183,10256015,-26060,801681100,88889600,2027700,32236562.65,2819979.35,593875,3034,464891,-444,61016,21276,11730
2011/11/30,2011/11/1,130.16,137302,2.068000078,289704,152402,4857215,154665,727802,10389958,-25648,744724200,90922700,2426900,29833201.03,3024867.65,616438,-9,482495,-421,45137,19841,35720
2011/12/31,2011/12/1,131.12,85967,1.871000051,325930,239963,4913919,152058,738755,10447663,-24418,885953800,34720600,2178000,43446777.42,4953445.04,585349,805,527644,-425,62206,18088,1019
2012/1/31,2012/1/1,132.25,27407,1.799000025,261726,234319,4922040,144401,745672,10572374,-23827,721649700,161034200,2038400,107051340.8,7845850.05,682767,184,558056,-407,61830,18853,19229
2012/2/29,2012/2/1,131.27,231677,1.976999998,335090,103413,4902079,143880,753039,10722996,-24251,819815100,112152300,9696500,55072760.67,5940226.2,663892,-814,513270,-390,40531,16507,37806
2012/3/31,2012/3/1,129.48,198157,2.21600008,369372,171215,4870770,152781,769036,10846825,-24638,845965500,21285800,4164600,56567998.25,5399316.31,680064,-833,556235,-446,58192,22597,4936
2012/4/30,2012/4/1,132.28,-59117,1.914999962,259690,318807,4912450,159742,769607,10916071,-24315,740882900,148077400,3650700,54885312.61,5332834.22,718046,-127,648800,-450,61057,22333,19468
2012/5/31,2012/5/1,134.91,124636,1.58099997,305348,180713,4901692,163153,788548,11006251,-24469,1056758300,90950600,6604700,40658674.13,5393294.64,727571,-615,637391,-461,44773,25195,41479
2012/6/30,2012/6/1,133.38,59741,1.659000039,319919,260177,4953138,162015,798089,11044185,-22782,777615300,16930300,1865100,28288714.22,4926495.69,490427,1237,452493,-450,61539,21182,4416
2012/7/31,2012/7/1,134.66,69604,1.491999984,254190,184585,4952852,154019,782921,11122282,-20342,787408500,146902000,2064300,27919269.75,4930979.09,662783,1968,584686,-472,61459,18552,18632
2012/8/31,2012/8/1,134.75,190533,1.562000036,369393,178860,4885472,154589,795947,11272626,-19930,977196400,94347500,5638100,29798897.82,5107352.39,791381,-75,641037,-487,40536,17996,38919
2012/9/30,2012/9/1,133.48,-75180,1.636999965,186386,261566,4939455,158514,807765,11269586,-19225,794716700,18332400,2786700,24447323.43,4210881.2,,,,,57222,,
2012/10/31,2012/10/1,133.03,119995,1.68599999,304311,184316,4992141,163558,819016,11411598,-19267,877302000,156672800,3547000,33584263.86,5082396,714213,-511,572201,-469,61211,23355,19366
2012/11/30,2012/11/1,134.12,172112,1.605999947,333841,161730,4959905,158866,835776,11553201,-18420,1327896400,84720300,4997400,30203935.23,5141502.08,781531,382,639928,-465,43354,22231,40088
2012/12/31,2012/12/1,132.78,1191,1.756000042,270699,269508,4999647,162587,849844,11581518,-17951,1293732900,81875100,3069300,56548696.98,11290284.04,663982,-9,635665,-478,54749,18957,7562
2013/1/31,2013/1/1,131.28,-2886,1.985000014,269340,272225,4943694,157729,860935,11560176,-17872,1494956600,102995500,3333200,110898075.1,8635662.47,605717,-362,627059,-441,61861,15372,8260
2013/2/28,2013/2/1,132.7,203539,1.888000011,326354,122815,5008104,153957,867669,11822436,-18057,1124258200,101757100,5288500,39620620.41,4637076.39,796262,-578,534002,-393,39037,15237,38061
2013/3/31,2013/3/1,131.98,106530,1.851999998,292548,186018,4998995,157814,882793,11916888,-17160,1122242100,27679900,5288500,36123325.83,4573014.27,589354,452,494902,-445,57054,21632,3615
2013/4/30,2013/4/1,133.36,-112889,1.674999952,293834,406723,5032189,163574,891569,11943148,-15517,1114120000,152511500,3896500,38218175.58,4949882.23,760525,1236,734265,-407,60782,25743,22015
2013/5/31,2013/5/1,130.25,138732,2.164000034,335914,197182,4958796,166692,907170,11897151,-15764,1173467900,75241800,2606100,30445043.79,4676693.47,654336,-617,700333,-370,43206,21668,39244
2013/6/30,2013/6/1,126.56,-116501,2.477999926,170126,286627,4972693,154875,913478,11901292,-18967,921814800,12931100,2936300,19090275.98,4024277.62,493418,-3549,489277,-346,60224,17669,651
2013/7/31,2013/7/1,126.44,97597,2.592999935,297627,200030,4901566,138083,904596,11917023,-22661,961401600,129757500,2188000,20817399.22,4362174.61,613433,-4060,597702,-366,61589,20799,19434
2013/8/31,2013/8/1,125.34,147905,2.749000072,333275,185370,4809725,127632,922837,11967014,-22693,1090794500,34233900,6166900,16426800.35,3801716.89,639086,-399,589095,-367,45486,21226,37329
2013/9/30,2013/9/1,126.39,-75114,2.61500001,226355,301469,4803100,124079,936379,11976279,-24444,845865800,138219700,4755700,14722031.74,3472730.16,,,,,51195,,
2013/10/31,2013/10/1,127.36,90586,2.542000055,289514,198927,5125910,120597,944602,12187370,-26383,994010400,56644600,1673100,14843699.73,3686597.58,877660,-2308,666569,-369,62162,21042,10075
2013/11/30,2013/11/1,126.64,135226,2.740999937,317679,182453,5092114,118936,958743,12281126,-26550,899846100,34000300,6595500,32582016.19,3923551.05,538660,-534,444904,-367,49283,19940,32819
2013/12/31,2013/12/1,123.05,-53220,3.026000023,231821,285041,5152908,115488,972596,12355427,-27041,876288900,128864800,2731300,45679274.06,8257532.24,675189,-876,600888,-385,55773,17277,10787
2014/1/31,2014/1/1,125.75,10250,2.667999983,306247,295997,5143596,110348,959099,12308143,-27895,1164640100,130546800,5213500,86577922.8,7596282.17,561623,-1235,608907,-381,63801,17903,9873
2014/2/28,2014/2/1,126.11,193532,2.657999992,337880,144349,5131071,107175,967984,12492550,-28573,906829700,129052500,9123900,30191001.97,3980793.34,639791,-1030,455384,-352,39675,17903,42029
2014/3/31,2014/3/1,123.5,36895,2.72300005,252741,215846,5143995,108536,984478,12619319,-28548,744171900,88448600,5962000,26906908.22,4051056.25,575124,-373,448355,-398,52427,23488,10736
2014/4/30,2014/4/1,124.42,-106853,2.648000002,307383,414237,5166533,112423,989217,12503468,-28006,939563000,119890500,1825400,24369049.33,3728620.98,524554,160,640405,-382,63379,23233,12281
2014/5/31,2014/5/1,126.33,129971,2.457000017,329860,199889,5143360,112277,1008437,12538030,-27842,1069941000,53239100,7543700,37246813.02,3985293.27,594110,-212,559548,-376,50949,26461,38891
2014/6/30,2014/6/1,125.17,-70519,2.516000032,253127,323646,5223926,111858,1019187,12572220,-27762,719527600,206194900,6142400,25723026.13,3729146.6,645887,-275,611697,-355,56683,22954,17220
2014/7/31,2014/7/1,124.61,94621,2.555999994,309113,214493,5203137,108822,1013796,12651478,-28101,1001092100,117264500,3100600,23092662.58,3640584.41,648263,-699,569005,-360,65004,23830,15509
2014/8/31,2014/8/1,126.33,128677,2.342999935,322925,194248,5186514,105440,1031888,12732612,-27972,825559800,61379700,8926900,18730606.16,3528419.48,539749,-235,458615,-364,48053,22215,39166
2014/9/30,2014/9/1,124.64,-105803,2.507999897,245441,351245,5212466,105668,1044727,12784971,-29379,704519500,176036400,1929900,20637983.71,3678017.99,,,,,53831,,
2014/10/31,2014/10/1,126.36,121713,2.335000038,334432,212719,5258745,106915,1050164,12857056,-27588,882828900,111315900,3517700,22574670.67,4054905.83,632346,723,560261,-1068,65494,18792,7129
2014/11/30,2014/11/1,127.66,56818,2.194000006,248254,191436,5263111,112324,1063848,12922682,-28411,676489200,48817300,2670800,20954967.93,3534763.31,499694,-1166,434068,-343,51744,20571,34321
2014/12/31,2014/12/1,126.8,-1864,2.170000076,333463,335327,5298211,116490,1077554,13023951,-28516,732070900,167836900,4552400,38191746.17,7394139.41,679800,-477,578531,-372,58371,18070,11443
2015/1/31,2015/1/1,130.88,14996,1.674999952,321738,306742,5277355,113684,1063727,12984930,-26238,1007281500,35485500,652100,72930126.46,7978351.84,491168,1901,530189,-377,73423,15408,356
2015/2/28,2015/2/1,128.42,192359,2.002000093,331747,139388,5265153,112764,1067070,13074036,-26704,837779900,111744800,3706600,25678505.13,3987815.45,592514,-807,503408,-341,47538,13086,38971
2015/3/31,2015/3/1,128.91,52918,1.934000015,287105,234187,5183075,117933,1075224,13090399,-27720,650311800,174339000,6699900,22147542.06,3764115.23,591602,-1409,575239,-393,54400,16239,9377
2015/4/30,2015/4/1,128.38,-156709,2.046000004,315092,471801,5182728,117427,1074242,13053681,-27473,909817600,146435500,329800,17763396.42,3332963.96,605891,-149,642609,-396,65733,24011,12678
2015/5/31,2015/5/1,128.31,84068,2.095000029,296454,212386,5147519,110687,1092759,13052706,-27689,715130200,72645600,4028800,12035834.83,3635780.69,440156,-626,441131,-410,52361,26562,39934
2015/6/30,2015/6/1,126.17,-50487,2.335000038,292447,342933,5134875,99767,1102355,13076414,-29416,702611300,191331400,4146300,9785864.26,3397369.79,641577,-2135,617869,-408,57988,22077,16450
2015/7/31,2015/7/1,127.44,149187,2.204999924,374680,225493,5042973,88986,1101929,13135045,-29835,821970400,119887600,723800,8859133.41,3598313.38,613873,-844,555242,-425,67087,26006,16907
2015/8/31,2015/8/1,127.64,64412,2.200000048,275248,210837,5017900,81077,1122148,13119753,-30291,661840400,86231100,2202100,7437749.49,3537452.95,549915,-907,565207,-451,43293,24469,48263
2015/9/30,2015/9/1,128.73,-90871,2.059999943,274580,365451,5013530,78115,1135431,14173424,-33800,623367900,77993700,684700,6543932.02,3033407.35,,,,,55731,,
2015/10/31,2015/10/1,127.69,136558,2.151000023,347604,211046,5070498,74963,1141013,13060657,-31954,843812300,23960600,4565800,7267950.44,3313268.47,375121,-1063,438311,-487,74213,19121,639
2015/11/30,2015/11/1,127.02,64549,2.217999935,269517,204968,5426315,74169,1152235,13588988,-32762,760369700,192362800,2810100,33090869.74,3523036.12,987406,-1305,459075,-497,46806,20319,47726
2015/12/31,2015/12/1,125.91,14444,2.269000053,364075,349631,5436812,75154,1167924,13672522,-33090,902899300,115308100,7571800,38266518.74,7307368.59,694439,-918,610905,-590,59832,20740,7714
2016/1/31,2016/1/1,129.58,-55163,1.930999994,258416,313579,5547416,73300,1160358,13657155,-32514,926049000,38099300,2161600,52757249.52,7240066.08,519133,-95,534500,-671,75846,19169,3155
2016/2/29,2016/2/1,130.91,192610,1.74000001,361757,169147,5534318,75618,1165990,13785189,-33469,948310800,193424400,4372300,23944538.61,4381574.62,827203,-1644,699169,-689,43953,16641,48534
2016/3/31,2016/3/1,130.39,108043,1.786000013,335891,227848,5533654,82799,1181128,13924878,-34505,927286100,103273700,2738400,20509201.02,3782856.71,842384,-1829,702695,-793,57399,23137,9691
2016/4/30,2016/4/1,130.06,-106452,1.819000006,331980,438432,5540299,90016,1156800,13841195,-34308,883412700,55484100,1002100,20968603.88,3694588.53,456090,-638,539773,-835,75880,21898,3417
2016/5/31,2016/5/1,129.8,52507,1.833999991,277111,224603,5574935,95502,1175389,13886303,-34389,875146000,201400300,2520800,13310969,3758146.36,781700,-933,736592,-852,47819,26260,54321
2016/6/30,2016/6/1,132.98,-6252,1.488000035,323320,329572,5647975,101784,1186716,13932743,-34569,936061500,66793500,2867500,9105193.79,3171933.66,728566,-1019,682126,-839,59963,26387,14243
2016/7/31,2016/7/1,133.05,112819,1.457999945,322817,209998,5631012,101841,1180513,13998220,-32995,748407300,24227300,1222300,9249523.71,3569518.2,561617,706,496140,-868,76401,26306,9868
2016/8/31,2016/8/1,131.88,107112,1.567999959,338438,231327,5608243,102946,1200003,14104114,-32993,930133500,143169000,2346100,8652438.97,3696077.72,845289,-892,739395,-894,44569,25284,57116
2016/9/30,2016/9/1,131.12,-33445,1.60800004,323178,356623,5604069,109211,1209967,14673429,-39204,1048883200,86190100,901400,7794746.66,5586446.54,,,,,57110,,
2016/10/31,2016/10/1,129.62,45831,1.833999991,267523,221692,5723507,113221,1216293,14286501,-34366,874089900,84160000,1916800,8762658.18,4469344.13,691265,-1514,578188,-948,68860,22312,10562
2016/11/30,2016/11/1,125.23,136669,2.368000031,336544,199875,5713582,114568,1231391,14443700,-34854,837098500,99699400,3348000,39455638.29,4025886.91,784664,-1484,627465,-996,47218,23548,45190
2016/12/31,2016/12/1,124.28,27337,2.446000099,346541,319204,5747933,109779,1247203,14434842,-36214,1106932500,49355200,2763400,52479373.83,7476015.5,665708,-2470,674566,-1110,67276,23195,3137
2017/1/31,2017/1/1,124.47,-51257,2.450999975,292812,344069,5768690,107675,1238605,14376139,-37268,955495700,181066600,1514200,74600088.06,9117659.26,738003,-2238,796706,-1184,69742,19940,17474
2017/2/28,2017/2/1,125.11,192044,2.35800004,363757,171713,5757968,105935,1246900,14411381,-37618,1023413100,113229500,10307500,27662952.25,3845937.44,688720,-1467,653478,-1117,43430,20114,46426
2017/3/31,2017/3/1,124.56,176233,2.395999908,392816,216584,5577222,106229,1266334,14369682,-39205,1388188800,112045900,1242800,24745127.6,4118378.14,844000,-2864,885699,-1277,57474,29043,14999
2017/4/30,2017/4/1,125.72,-182428,2.282000065,273177,455605,5597243,102784,1238544,14293345,-38949,1242381400,53977900,6732500,28011885.97,3288612.73,613543,-1171,689880,-1427,76483,25217,6208
2017/5/31,2017/5/1,126.56,88423,2.196000099,328841,240418,5568532,99516,1252342,14298976,-39628,1145157800,162611800,3619700,26647061.72,3923191.65,856152,-2259,850521,-1580,48431,22951,51003
2017/6/30,2017/6/1,125.53,90233,2.302000046,428894,338660,5548842,91463,1261645,14366186,-39458,1418264700,95097000,2132600,14520617.63,3283713.56,782571,-1474,715361,-1644,61102,24747,12076
2017/7/31,2017/7/1,125.89,42939,2.292000055,274980,232040,5505410,84800,1260611,14360944,-39186,1190639400,93657000,2004200,12795550.24,3099321.64,667583,-1540,672825,-1812,70661,23149,13590
2017/8/31,2017/8/1,127.25,107689,2.121000051,334000,226311,5476269,80752,1276295,14381562,-39349,1372564800,116362500,2036700,12504044.99,3649761.62,779608,-2125,758990,-1962,45556,22918,48023
2017/9/30,2017/9/1,125.31,-7886,2.325999975,340837,348722,5771144,80359,1286516,15761155,-44766,1090804100,28126000,2783200,10733004.9,2968245.93,,,,,65462,,
2017/10/31,2017/10/1,124.94,63214,2.375999928,298555,235341,5893523,82149,1295397,14751446,-39678,1226324200,176094800,2104900,1411083510,90424256.61,767048,-2603,689031,-2129,70864,26081,20679
2017/11/30,2017/11/1,124.31,138547,2.417000055,346922,208374,5875032,85018,1313853,14918736,-40649,1539772000,129891500,2272200,45003955.89,3897661.83,906411,-3196,739121,-2225,49481,28644,50027
2017/12/31,2017/12/1,124.05,23192,2.404999971,348989,325797,5727513,92447,1327528,14814721,-41038,1322890400,51781900,1232800,42338956.19,6902131.65,637254,-2820,741269,-2431,70521,22213,1173
2018/1/31,2018/1/1,121.58,-49237,2.720000029,311801,361038,5700656,86570,1323059,14803170,-42777,1667724300,242723900,974500,86068683.75,9281915.8,854537,-4359,866088,-2620,72958,22754,20317
2018/2/28,2018/2/1,120.66,215239,2.868000031,370862,155623,5902818,83390,1331025,15150589,-44078,1802920100,180414200,5760700,26584435.05,3620994.91,830958,-3871,483539,-2570,46148,20757,47567
2018/3/31,2018/3/1,121.14,208743,2.740999937,419576,210832,5869320,84595,1348817,15428010,-46186,2474819000,35266600,1440000,21805329.32,3684172.12,941651,-5423,664230,-3315,68342,30662,8468
2018/4/30,2018/4/1,119.62,-214255,2.936000109,296192,510447,5945577,82219,1319445,15335128,-45217,2195435100,393518100,812200,21502344.35,3200043.31,932205,-2510,1025087,-3479,72865,29231,24708
2018/5/31,2018/5/1,120.73,146796,2.822000027,363871,217075,5932098,83595,1335592,15426913,-44123,2895906300,221710300,2679800,42051780,3207864.48,945791,-2625,854006,-3719,52380,27223,47708
2018/6/30,2018/6/1,120.19,74858,2.848999977,391136,316278,5943775,79115,1345724,15466564,-43978,2186358600,47124400,2783100,19172039.5,2777689.72,625898,-3632,586247,-3777,74275,28837,6942
2018/7/31,2018/7/1,119.42,76865,2.963999987,302131,225266,5962236,76082,1347769,15569493,-43430,2386174300,337756200,2592600,16775519.47,3083940.92,907617,-3502,804688,-4050,76403,30243,28115
2018/8/31,2018/8/1,120.39,214148,2.852999926,433263,219115,5895873,72124,1365230,15785389,-44613,3046794000,225917900,2172600,15037699.3,3459892.66,1094276,-5580,878380,-4397,51100,27093,52396
2018/9/30,2018/9/1,118.78,-119116,3.055999994,224443,343559,5977617,71753,1376426,16809092,-42688,2451335300,58082900,1773600,12285285.48,2697858.85,,,,,73528,,
2018/10/31,2018/10/1,118.44,100491,3.15899992,353183,252692,6084109,72050,1382288,15843329,-46937,2931091000,416654300,1813600,13295721.66,2780868.63,906209,-6788,824035,-4617,78126,26301,21703
2018/11/30,2018/11/1,119.55,204903,3.013000011,410864,205961,6032885,68985,1395899,16044318,-48566,3394718300,214939300,2879200,41421998.38,3416679.69,1081403,-6445,880414,-4816,56364,26640,48402
2018/12/31,2018/12/1,122.02,13539,2.686000109,326123,312584,6101877,66197,1412591,16101666,-47144,2588647000,220187500,1634400,41750466.79,5990458.66,837807,-3833,780459,-5255,71910,28750,13204
2019/1/31,2019/1/1,122.47,-8681,2.63499999,331299,339980,6113990,61438,1403787,16101227,-46156,4330847500,155068800,1411400,79030962.9,7428449.21,1024474,-4293,1024913,-5281,82192,22202,11920
2019/2/28,2019/2/1,121.75,233977,2.710999966,401243,167265,6097856,61179,1407739,16250898,-46697,3327838600,164163500,12227200,30645703.14,3432448.19,1004454,-5443,854783,-4902,53953,19857,48096
2019/3/31,2019/3/1,124.22,146945,2.414000034,375756,228811,5840580,61975,1420969,16204392,-45698,2985053700,58724200,1526200,28655794.19,3317476.53,909745,-4662,956251,-5661,78976,29326,4303
2019/4/30,2019/4/1,123.67,-160305,2.509000063,375240,535545,5902566,58030,1390275,16192789,-46452,3417029800,313750200,840800,42700526.15,3334328.3,1120712,-6248,1132315,-5494,81694,31802,29084
2019/5/31,2019/5/1,126.38,207768,2.14199996,439833,232064,5846560,52845,1410296,16202283,-46143,3390035100,173698700,1883600,16733552.18,3633086.05,1028710,-5244,1019216,-5553,59999,34818,56513
2019/6/30,2019/6/1,127.97,8477,2,342430,333952,5859045,47865,1432463,16188422,-44394,2699456700,35378500,2759500,10967478.92,2742259.79,733836,-3398,747697,-5147,84711,33732,9020
2019/7/31,2019/7/1,127.42,119696,2.020999908,371044,251348,5825469,43643,1432536,16211185,-42339,3113526500,168296000,433700,13475830.25,3480558.93,1030067,-2973,1007304,-5028,85093,30433,30051
2019/8/31,2019/8/1,131.05,200344,1.506000042,428309,227965,6084613,44786,1440026,16596816,-41837,2969636200,22325200,4599600,13726947.78,3605772.48,990929,-4415,605298,-4917,67597,29466,46962
2019/9/30,2019/9/1,130.31,-82768,1.674999952,291260,374028,6133658,53809,1455657,21018952,-26702,2800479800,149777800,8723900,13547701.79,3394358.98,,,,,73223,,
2019/10/31,2019/10/1,130.3,134467,1.690999985,379988,245521,6251829,62591,1474444,16981311,-43713,3223727500,79252500,501900,21005897.24,4142427.96,1172713,-5786,1000494,-4761,85106,27497,15614
2019/11/30,2019/11/1,129.3,208838,1.776000023,434024,225185,6200010,68865,1487536,17105421,-42817,2594126700,26796000,2098500,14397330.62,3564279.33,936563,-3520,812453,-4416,70933,27757,41930
2019/12/31,2019/12/1,128.42,13286,1.91900003,349091,335805,6262363,77752,1507365,17170442,-42239,2656721400,160494200,3170100,27258812.9,6959057.79,1106904,-3709,1041883,-4287,76359,31082,25656
2020/1/31,2020/1/1,131.66,32595,1.519999981,404883,372288,6251581,73720,1499571,17212635,-42297,3155658000,114289700,1487900,70436882.59,9599337.53,1016694,-4100,974501,-4042,86869,27331,16821
2020/2/29,2020/2/1,134.84,235278,1.126999974,423229,187951,6236576,76748,1506289,17413050,-42575,2756409500,19756000,4848800,24780197.37,4172232.37,986097,-4065,785682,-3787,68189,24781,43461
2020/3/31,2020/3/1,138.69,118988,0.698000014,355754,236766,6261804,84402,1525477,17674771,-36845,3003750400,128315000,614000,38813962.36,5266168.84,1347942,1897,1086221,-3833,74059,32983,27113
2020/4/30,2020/4/1,139.06,738022,0.621999979,979885,241863,6173018,87257,1492915,19053619,-30251,2120033100,77619300,2243000,51250949.24,5934904.02,2506237,3744,1127389,-2850,85596,30463,18926
2020/5/31,2020/5/1,139.38,398754,0.648000002,572614,173861,6192110,88608,1502166,19812782,-29161,1936290900,26922600,1386400,12737734.81,4635584.97,2132674,-1265,1373511,-2355,70879,23817,38534
2020/6/30,2020/6/1,139.17,864074,0.652999997,1104903,240829,6208461,89242,1509484,20530278,-30555,1948392100,86333100,1884400,10649975.53,4303998.82,2486005,-3364,1768509,-1970,73957,16276,13198
2020/7/31,2020/7/1,140.08,62992,0.536000013,626487,563496,6157049,91851,1486749,20634400,-28394,1860412300,76436300,751500,13329147.83,4856706.29,1868177,329,1764055,-1832,84595,26127,15489
2020/8/31,2020/8/1,139.41,200012,0.693000019,423233,223221,6174279,95901,1501872,20822038,-27335,1775574900,42833800,2842800,14825307.51,4933882.18,1665397,-471,1477759,-1530,56838,33535,61292
2020/9/30,2020/9/1,139.53,124611,0.676999986,497780,373169,6196280,106607,1523191,22282900,-26840,1870481900,41009000,1666200,14006592.52,5086833.65,,,,,70600,,
2020/10/31,2020/10/1,138.22,284071,0.860000014,521769,237698,6314081,116844,1544964,21096975,-26405,1712283300,28814000,164100,16250346.21,5627744.69,1588319,-911,1510296,-1208,92642,30653,8611
2020/11/30,2020/11/1,138.53,145266,0.843999982,364819,219553,6375655,116269,1561227,21349472,-27401,1746704900,96055600,2462300,29609925.67,5299964.31,1919413,-2059,1666916,-1063,57830,27051,61863
2020/12/31,2020/12/1,138.08,143562,0.916999996,489682,346119,6390322,115786,1579270,21632419,-26738,1931831300,64158200,2559400,48429927.82,12202149.61,1992153,-343,1709206,-1006,71874,26307,12263
2021/1/31,2021/1/1,137.03,162832,1.093000054,547483,384651,6418212,114583,1549784,21643915,-26913,1681711400,31648700,1933000,105612009,20584545.35,1412538,-1084,1401042,-909,91998,24700,4576
2021/2/28,2021/2/1,133.8,310922,1.460000038,559236,248314,6424251,117109,1559989,21755737,-28189,1571194600,70365000,14896600,36500276.86,7197607.98,1651042,-2020,1539220,-744,62239,24453,54212
2021/3/31,2021/3/1,130.94,659603,1.746000051,927217,267614,6420855,121684,1581976,21986939,-33883,1605574700,115460200,5958400,33756622.51,6967707.74,1866812,-6446,1635610,-752,68613,31959,25585
2021/4/30,2021/4/1,132.03,225579,1.631000042,664766,439186,6392633,123708,1562186,22056055,-38066,1512078900,109556600,7260600,29541597.92,5361166.05,1797718,-4874,1728602,-691,81153,33231,20691
2021/5/31,2021/5/1,132.86,131953,1.58099997,595698,463745,6451133,125339,1585324,22020939,-37027,1377666400,50181200,2843600,123753647.1,6107922.7,1428315,395,1463431,-644,66009,36391,51535
2021/6/30,2021/6/1,132.5,174161,1.442999959,623359,449199,6475076,122755,1618130,22329823,-33965,1571886100,153831800,8611600,281639968.9,7372898.27,1974837,2473,1665953,-589,70130,37492,33371
2021/7/31,2021/7/1,134.45,302050,1.238999963,564050,262000,6401459,135428,1603987,22284628,-28378,1495537900,26490300,561800,132674213.3,5871424.08,1473336,5011,1518531,-576,90903,38296,17523
2021/8/31,2021/8/1,134.05,170635,1.30400002,439013,268378,6173650,129562,1628633,22254544,-28016,1481366400,108670700,4439200,100190153,5315383.89,1910648,-209,1940732,-571,54571,39943,76275
2021/9/30,2021/9/1,131.61,64940,1.529000044,524463,459523,6243318,127047,1652668,24299193,-71681,1407762400,71367200,1347800,77324639.47,4805015.35,,,,,69158,,
2021/10/31,2021/10/1,130.7,165055,1.557000041,448983,283927,6476647,120298,1675032,22637090,-26112,1389038600,51427900,-168500,232828188.5,5130557.26,1371665,141,1017475,-587,91076,28759,6841
2021/11/30,2021/11/1,131.55,191335,1.442999959,472543,281208,6266251,113852,1695272,22645912,-27921,1416796000,154308600,3563400,1069966300,9789852.28,1770103,-2384,1761281,-575,55716,28858,64218
2021/12/31,2021/12/1,130.47,21303,1.511999965,508026,486723,6739100,109703,1728595,23143747,-27245,1524100000,118533700,1230300,2776610077,19929298.01,1838257,69,1340422,-607,70835,39890,24771
2022/1/31,2022/1/1,127.97,-118699,1.781999946,346375,465074,6804276,108070,1705031,23487181,-29809,1599819700,153745100,1058200,3256939073,35941428.66,1496458,-3237,1153024,-673,83607,34268,21496
2022/2/28,2022/2/1,127.45,216590,1.838999987,506447,289857,6800284,112489,1720904,23776560,-32192,1836869900,182110300,7790900,907172446,8540716.46,1514183,-3173,1224804,-790,53137,28993,59463
2022/3/31,2022/3/1,122.88,192634,2.326999903,507799,315165,6814679,118250,1751945,23879768,-34515,2358878100,288789100,5224600,919988022.2,7226034.48,1604221,-3544,1501013,-1221,69963,40763,23937
2022/4/30,2022/4/1,119.16,-308215,2.887000084,555429,863644,6815264,119066,1735639,23847245,-41654,2464395500,167260300,3606300,3730055534,9188076.86,1074497,-8813,1107020,-1674,93229,42193,18927
2022/5/31,2022/5/1,119.84,66223,2.844000101,455211,388988,6891257,114308,1775820,23904391,-47265,3635313000,871799500,8614600,4866754394,14986473.01,1585414,-7989,1528268,-2378,59240,50970,84959
2022/6/30,2022/6/1,118.39,88842,2.971999884,549598,460757,6959055,108208,1805996,23912160,-52550,4126482700,571228200,9904400,2964598784,10509169.14,1260028,-8285,1252259,-3000,76410,38238,21068
2022/7/31,2022/7/1,121.14,211052,2.64199996,480383,269331,6944610,103866,1789336,23952579,-56571,4379796400,100648600,1421300,2342997622,8918548.59,1079881,-8236,1039462,-4215,102009,49136,23537
2022/8/31,2022/8/1,117,219596,3.132999897,523318,303722,6968348,99065,1824656,24267551,-63378,7081072400,799380600,34763400,2248402907,10255619.92,1803202,-12675,1488230,-5868,62610,54870,94269
2022/9/30,2022/9/1,112.38,429776,3.803999901,917489,487723,6929803,109236,1840532,24299193,-71681,7744514700,839242100,7661600,2348959039,10446522.72,,,,,81183,,
2022/10/31,2022/10/1,110.88,87874,4.077000141,406374,318500,7188183,104454,1860886,24352542,-82031,9338234700,984640500,14469700,6781886368,17660717.08,1330585,-19138,1277236,-8788,94100,31762,18845
2022/11/30,2022/11/1,113.5,248535,3.703000069,500646,252111,7157364,101819,1881707,24553457,-88129,11243372700,764193000,58259000,1008582647,13452460.23,1638950,-16499,1438035,-10401,68090,36213,62223
2022/12/31,2022/12/1,112.89,85001,3.878999949,539943,454942,7179347,99898,1908072,24517593,-89151,11059378700,186215100,1678700,942430381.4,14988987.11,1269824,-13193,1305688,-12171,99513,41677,10254
2023/1/31,2023/1/1,115.08,38784,3.529000044,486072,447288,7024099,99115,1870818,24583994,-88947,11988377300,920794100,46779200,4223309491,28361273.15,1774182,-13074,1707781,-13278,101418,33289,31384
2023/2/28,2023/2/1,111.66,262434,3.915999889,524548,262114,6872104,99734,1876312,24609241,-92275,11290007300,406031900,40378900,1222407900,9736839.25,1593785,-17072,1568538,-13744,70658,26067,56827
2023/3/31,2023/3/1,115.61,378076,3.493999958,691317,313240,6772639,98170,1905608,24693515,-95111,16578163100,451514900,21094800,1159835432,11231592.27,1591845,-18797,1507571,-15961,92773,49846,27731
2023/4/30,2023/4/1,116.02,-176181,3.451999903,462340,638520,6863185,102242,1879776,24605068,-94243,13258307800,136820800,-7461300,1243796162,8937582.71,1222791,-14833,1311238,-15701,123653,45645,14765
2023/5/31,2023/5/1,114.47,240348,3.637,547835,307487,6835336,96363,1904897,24630686,-99849,14597031900,438395600,39781900,226380674.6,7941388.82,1908861,-22265,1883243,-16659,77182,42979,89450
2023/6/30,2023/6/1,112.88,227768,3.819,646085,418317,7150742,90481,1933629,25461998,-108085,14128966000,299794100,11658600,114304268.6,5279215.58,1938055,-25961,1106743,-17725,98908,49285,27559
2023/7/31,2023/7/1,111.97,220782,3.959,496942,276160,7178591,88043,1901965,25708799,-110581,13770712100,346311100,9858700,92673288.04,4977729.45,1758298,-23047,1511497,-20551,111448,43746,31206
2023/8/31,2023/8/1,111.03,-89255,4.093,"193,874",283130,7148949.24,84665,19162527,26044051,-117149,19019731700,499245100,41807100,14341230.85,930980,2332112,-28679,1996860,-22111,81711,45191,74928
2023/9/30,2023/9/1,108.03,,4.573,,,,,,,,,,,,,,,,,,,
