Date,Monthly Open,futures,Outlays - Receipts,US Bond,Outlays,Receipts,Government Account Series,State and Local Government Series,Treasury Inflation-Protected Securities,Principal Amount  Balance,Net Unamortized Amount Balance,Bill(Net Sales Amount),Note(Net Sales Amount),Bond(Net Sales Amount),Saving Bond typeI,Saving Bond typeEE,Principal Amount Increase,Net Unamortized Amount Increase,Principal Amount Decrease,Net Unamortized Amount Decrease,Accrued Interest Payable Amount,Accrued Interest Increase,Accrued Interest decrease,bond1,bond2,Floating_Rate,saving_securities
2001-01-31,2001/1/1,105.22,-76379,5.178999901,142836,219215,2348243.0,147898,,,,,,,,,,,,,,,,,,,
2001-02-28,2001/2/1,106.33,48168,4.907999992,158649,110481,2354000.0,149904,,,,,,,,,,,,,,,,,,,
2001-03-31,2001/3/1,106.2,50662,4.914999962,180736,130074,2360298.0,152887,,,,,,,,,,,,,,,,,,,
2001-04-30,2001/4/1,103.78,-189796,5.337999821,141999,331796,2385627.0,154746,,,,,,,,,,,,,,,,,,,
2001-05-31,2001/5/1,103.69,27919,5.413000107,153508,125590,2401909.0,155955,,,,,,,,,,,,,,,,,,,
2001-06-30,2001/6/1,103.02,-31862,5.389999866,171025,202887,2474736.0,153322,,,,,,,,,,,,,,,,,,,
2001-07-31,2001/7/1,106.11,-2820,5.037000179,125022,127842,2474826.0,149095,,,,,,,,,,,,,,,,,,,
2001-08-31,2001/8/1,107.22,79990,4.815999985,202549,122559,2452553.0,147293,,,,,,,,,,,,,,,,,,,
2001-09-30,2001/9/1,108.78,-35501,4.574999809,123110,158611,2492141.0,146364,,,,,,,,,,,,,,,,,,,
2001-10-31,2001/10/1,111.52,7656,4.263000011,164819,157163,2508064.0,148631,,,,,,,498.61,,,,,,,,,,,,
2001-11-30,2001/11/1,108.25,54267,4.743999958,175500,121233,2510442.0,148209,,,,,,,1083.4,,,,,,,,,,,,
2001-12-31,2001/12/1,105.14,-26567,5.032000065,161347,187914,2574756.0,146246,,,,,,,280.45,,,,,,,,,,,,
2002-01-31,2002/1/1,105.88,-43729,5.025000095,159723,203452,2584822.0,143196,,,,,,,597.38,,,,,,,,,,,,
2002-02-28,2002/2/1,107.25,76056,4.859000206,174018,97962,2588053.0,141823,,,,,,,456.62,,,,,,,,,,,,
2002-03-31,2002/3/1,102.45,64238,5.406000137,175458,111220,2589665.0,141053,,,,,,,294.01,,,,,,,,,,,,
2002-04-30,2002/4/1,105.56,-67170,5.09100008,170257,237426,2610543.0,140295,,,,,,,10310.87,,,,,,,,,,,,
2002-05-31,2002/5/1,106.73,80631,5.043000221,183127,102496,2586992.0,146380,,,,,,,1830.04,,,,,,,,,,,,
2002-06-30,2002/6/1,107.23,-29071,4.823999882,153562,182633,2691373.0,142746,,,,,,,1517.5,,,,,,,,,,,,
2002-07-31,2002/7/1,110.61,29159,4.465000153,163568,134409,2689163.0,134840,,,,,,,2059.5,,,,,,,,,,,,
2002-08-31,2002/8/1,113.17,54709,4.137000084,179328,124619,2683462.0,141631,,,,,,,2431.81,,,,,,,,,,,,
2002-09-30,2002/9/1,115.91,-42388,3.607000113,150310,192698,2707295.0,144286,,,,,,,3318.41,,,,,,,,,,,,
2002-10-31,2002/10/1,114.72,54072,3.911000013,178615,124543,2743628.0,149573,,,,,,,405958.97,,,,,,,,,,,,
2002-11-30,2002/11/1,112.52,58883,4.212999821,178901,120017,2742628.0,154090,,,,,,,6770151.85,,,,,,,,,,,,
2002-12-31,2002/12/1,115.05,-4719,3.818000078,178069,182787,2806946.0,153398,,,,,,,13653211.24,,,,,,,,,,,,
2003-01-31,2003/1/1,113.92,-10633,3.974999905,177251,187884,2814641.0,148574,,,,,,,24563629.29,,,,,,,,,,,,
2003-02-28,2003/2/1,116.72,96663,3.696000099,186140,89477,2780528.0,149561,,,,,,,13953873.19,,,,,,,,,,,,
2003-03-31,2003/3/1,114.88,58877,3.822999954,179234,120358,2736824.0,148826,,,,,,,16071601.67,,,,,,,,,,,,
2003-04-30,2003/4/1,115.12,-51066,3.857000113,180094,231160,2754240.0,145741,,,,,,,45873430.35,,,,,,,,,,,,
2003-05-31,2003/5/1,119.06,88867,3.349999905,192278,103411,2819235.0,140651,,,,,,,44931009.2,2550060.82,,,,,,,,,,,
2003-06-30,2003/6/1,117.44,-21230,3.528000116,171814,193043,2905466.0,140497,,,,,,,42691143.75,2530914.83,,,,,,,,,,,
2003-07-31,2003/7/1,110.62,54240,4.473999977,177792,123551,2900910.0,146673,,,,,,,64850787.58,3650533.22,,,,,,,,,,,
2003-08-31,2003/8/1,111.53,76587,4.453999996,190830,114243,2895158.0,149855,,,,,,,92157740.44,3426953.26,,,,,,,,,,,
2003-09-30,2003/9/1,114.62,-23402,3.937000036,168229,191632,2912216.0,148366,,,,,,,111368912.2,3326785.34,,,,,,,,,,,
2003-10-31,2003/10/1,112.3,69545,4.301000118,205370,135825,2935227.0,149094,,,,,,,225515632.8,5356420.53,,,,,,,,,,,
2003-11-30,2003/11/1,112.41,42971,4.320000172,161179,118207,2945370.0,148346,,,,,,,36361799.36,7644948.64,,,,,,,,,,,
2003-12-31,2003/12/1,112.27,17640,4.256999969,204370,186730,3006980.0,149189,,,,,,,30584933.05,12470034.52,,,,,,,,,,,
2004-01-31,2004/1/1,113.44,1633,4.138000011,186802,185169,3016822.0,147438,,,,,,,45973688.17,21566669.13,,,,,,,,,,,
2004-02-29,2004/2/1,115.38,96701,3.983999968,188709,92009,3019670.0,147603,,,,,,,22520541.95,12539544.23,,,,,,,,,,,
2004-03-31,2004/3/1,115.41,72913,3.836999893,205337,132425,3008617.0,155712,,,,,,,25508219.42,11295573.92,,,,,,,,,,,
2004-04-30,2004/4/1,110.5,-17578,4.500999928,202513,220091,3029036.0,161634,,,,,,,19309640.31,9399428.6,,,,,,,,,,,
2004-05-31,2004/5/1,109.88,62463,4.65500021,177913,115450,3045225.0,161058,,,,,,,62741830.52,9702346.73,,,,,,,,,,,
2004-06-30,2004/6/1,109.33,-19124,4.617000103,195258,214382,3111724.0,161474,200391.0,,,,,,43521656.55,8113269.96,,,,,,,,,,,
2004-07-31,2004/7/1,110.72,69160,4.474999905,203575,134415,3105732.0,156803,222609.0,,,,,,35029475.8,7051627.93,,,,,,,,,,,
2004-08-31,2004/8/1,113.47,41132,4.131999969,178861,137729,3110630.0,154923,223337.0,,,,,,33704551.12,5963829.08,,,,,,,,,,,
2004-09-30,2004/9/1,112.62,-24611,4.118999958,182740,207351,3129990.0,158214,223018.0,,,,,,27207807.06,4888365.98,,,,,,,,,,,
2004-10-31,2004/10/1,113.56,56618,4.028999805,193514,136896,3121569.0,160523,244175.0,,,,,,25194824.97,4805954.85,,,,,,,,,,,
2004-11-30,2004/11/1,111.45,57170,4.357999802,191717,134547,3158863.0,157754,244677.0,,,,,,70677696.29,12371532.2,,,,,,,,,,,
2004-12-31,2004/12/1,111.94,2561,4.21600008,218310,215749,3230551.0,160682,245941.0,,,,,,67380061.2,11979338.68,,,,,,,,,,,
2005-01-31,2005/1/1,112.27,-8106,4.132999897,194111,202217,3243619.0,163754,267266.0,,,,,,86591360.23,21061477.0,,,,,,,,,,,
2005-02-28,2005/2/1,110.88,113789,4.359000206,214660,100871,3249385.0,164008,266349.0,,,,,,38777236.27,7897885.6,,,,,,,,,,,
2005-03-31,2005/3/1,109.27,71724,4.495999813,220483,148759,3248893.0,179005,266837.0,,,,,,32232450.6,7813554.58,,,,,,,,,,,
2005-04-30,2005/4/1,111.42,-57924,4.201000214,219690,277614,3259619.0,189033,286475.0,,,,,,27072918.71,25412745.21,,,,,,,,,,,
2005-05-31,2005/5/1,112.84,36190,4.006000042,188920,152731,3282156.0,200362,288701.0,,,,,,122194104.6,3935983.28,,,,,,,,,,,
2005-06-30,2005/6/1,113.47,-22473,3.944999933,212335,234808,3356344.0,206744,290650.0,,,,,,70901287.64,3111276.37,,,,,,,,,,,
2005-07-31,2005/7/1,110.98,53395,4.285999775,195487,142092,3354424.0,213051,305624.0,,,,,,54423726.74,2814892.37,,,,,,,,,,,
2005-08-31,2005/8/1,112.92,51036,4.019999981,206474,155438,3360856.0,217724,305753.0,,,,,,53248142.97,2999850.94,,,,,,,,,,,
2005-09-30,2005/9/1,109.92,-35234,4.328000069,216394,251628,3380605.0,225283,307124.0,,,,,,39459209.24,2811583.26,,,,,,,,,,,
2005-10-31,2005/10/1,108.45,47277,4.559000015,196764,149488,3426716.0,226929,324026.0,4650516.0,-35994.0,111130000.0,6751000.0,,143672748.0,2471203.68,332366.0,-3317.0,283089.0,-2854.0,42249.0,14724.0,7436.0,520701.7627,211.087,,203889.9867
2005-11-30,2005/11/1,108.73,83072,4.5,221911,138840,3432818.0,231467,327907.0,4709403.0,-36370.0,336089000.0,14820000.0,,321140491.0,2761917.78,388842.0,-3420.0,329955.0,-3044.0,29717.0,16617.0,23149.0,516627.001,196.689,,204578.7962
2005-12-31,2005/12/1,109.41,-10967,4.394999981,230916,241883,3506577.0,235566,328678.0,4714821.0,-36826.0,548536000.0,3831000.0,,252893763.4,3295019.87,406039.0,-3880.0,400621.0,-3424.0,40196.0,14014.0,3535.0,516620.9987,196.428,,205162.4211
2006-01-31,2006/1/1,108.44,-20964,4.52699995,209045,230010,3523210.0,233441,346861.0,4724637.0,-36859.0,597219000.0,41372000.0,,321571167.3,4665751.01,347391.0,-3440.0,337575.0,-3407.0,42944.0,10920.0,8172.0,516618.8042,200.797,,205604.7425
2006-02-28,2006/2/1,108.0,119237,4.546999931,232091,112853,3513085.0,234545,345551.0,4771117.0,-37870.0,850697000.0,35892000.0,,154372767.9,2425929.68,348989.0,-3981.0,302509.0,-2970.0,27100.0,11011.0,26855.0,526716.4827,218.161,,205900.7043
2006-03-31,2006/3/1,106.39,85281,4.853000164,249843,164563,3551185.0,234844,347899.0,4872485.0,-38960.0,1238934000.0,28038000.0,,139237796.6,2623119.14,505283.0,-5059.0,403915.0,-3969.0,36621.0,16073.0,6552.0,526703.6596,202.276,,205975.635
2006-04-30,2006/4/1,105.58,-118841,5.068999767,196249,315090,3589106.0,238663,367656.0,4819949.0,-38281.0,1061588000.0,,,94207918.2,2260916.67,296608.0,-3287.0,349144.0,-3966.0,45576.0,14400.0,5445.0,526701.7564,191.576,,206067.213
2006-05-31,2006/5/1,105.08,42907,5.112999916,235564,192657,3604230.0,239174,369651.0,4807517.0,-37998.0,1263091000.0,70816000.0,,32321375.23,3107181.29,385561.0,-3583.0,397993.0,-3866.0,32222.0,16154.0,29508.0,523165.9094,200.48,,205669.4391
2006-06-30,2006/6/1,104.86,-20517,5.138000011,243838,264355,3680235.0,242022,372757.0,4797205.0,-38145.0,1553640000.0,51579000.0,,16764183.79,2790804.8,405056.0,-4310.0,415368.0,-4163.0,40786.0,16903.0,8339.0,523157.0324,233.325,,205227.2227
2006-07-31,2006/7/1,106.03,33164,4.987999916,192925,159761,3683171.0,237425,393657.0,4819732.0,-38218.0,1471536000.0,33890000.0,,14466309.68,2334342.28,330464.0,-4380.0,307936.0,-4307.0,45001.0,16296.0,12081.0,523155.6359,237.357,,204825.4417
2006-08-31,2006/8/1,107.42,64717,4.731999874,218595,153878,3689211.0,238603,394485.0,4884685.0,-40549.0,1739504000.0,60631000.0,,11211602.17,2386459.61,481802.0,-6172.0,416849.0,-3841.0,29637.0,15240.0,30604.0,534710.7858,237.92,,204024.745
2006-09-30,2006/9/1,108.06,-56167,4.632999897,227131,283298,3722747.0,238835,395638.0,4843121.0,-40165.0,1356214000.0,1440000.0,,10338870.68,2342366.29,,,,,41119.0,,,534709.8843,236.571,,203656.3217
2006-10-31,2006/10/1,108.22,49321,4.605999947,217014,167693,3762745.0,241728,415359.0,4880611.0,-39754.0,1302863000.0,45137000.0,,14909992.38,2494720.03,346502.0,-3661.0,309012.0,-4072.0,45743.0,15541.0,10917.0,534709.1113,237.451,,203210.437
2006-11-30,2006/11/1,109.11,73042,4.458000183,218907,145866,3762962.0,247794,413418.0,4929567.0,-40387.0,1802994000.0,44197000.0,,28659962.92,2301367.4,474747.0,-4871.0,425791.0,-4238.0,34033.0,12192.0,23902.0,530694.3702,255.196,,202800.0891
2006-12-31,2006/12/1,107.47,-41961,4.710000038,218007,259969,3839348.0,257634,411193.0,4901047.0,-39623.0,1344084000.0,742000.0,,25637984.53,3144130.76,313781.0,-3657.0,342301.0,-4421.0,45517.0,12502.0,1018.0,530682.0332,134.403,,202433.3057
2007-01-31,2007/1/1,106.75,-38236,4.826000214,222372,260609,3853802.0,266119,410951.0,4913961.0,-39143.0,1613237000.0,57165000.0,,46753992.3,3156828.91,338284.0,-3665.0,325370.0,-4145.0,47549.0,14316.0,12284.0,530675.8207,125.73,,201358.3081
2007-02-28,2007/2/1,108.56,119993,4.550000191,240305,120312,3859356.0,270456,411485.0,4979111.0,-39503.0,1740542000.0,43239000.0,,20844346.16,2363146.7,384138.0,-4195.0,318988.0,-3835.0,29847.0,14208.0,31910.0,540496.9492,133.845,,200890.8476
2007-03-31,2007/3/1,108.12,96270,4.647999763,262761,166490,3859248.0,281928,412706.0,5053940.0,-40173.0,2068422000.0,972000.0,,22112827.78,2666579.43,468078.0,-5229.0,393249.0,-4559.0,42504.0,16474.0,3817.0,540495.0572,122.929,,200334.5905
2007-04-30,2007/4/1,108.33,-177674,4.630000114,205967,383641,3897297.0,291250,431084.0,5007058.0,-39127.0,1787396000.0,43273000.0,,19672374.11,2353515.14,388761.0,-3323.0,435643.0,-4369.0,46925.0,17191.0,12770.0,540494.1472,96.018,,199784.441
2007-05-31,2007/5/1,106.39,67699,4.889999866,231937,164239,3912291.0,300303,434960.0,4980871.0,-39278.0,2250752000.0,35521000.0,,13427617.93,2069524.75,396428.0,-4227.0,422615.0,-4076.0,36102.0,19285.0,30108.0,547256.6251,105.4,,199168.4498
2007-06-30,2007/6/1,105.7,-27481,5.032999992,249036,276517,3989271.0,301624,437819.0,4943092.0,-39175.0,1575807000.0,3641000.0,,10299151.61,1928994.11,294177.0,-3767.0,331956.0,-3870.0,47602.0,17888.0,6388.0,547255.262,123.893,,198647.7968
2007-07-31,2007/7/1,107.42,36447,4.770999908,206886,170439,3994227.0,297699,456040.0,5003717.0,-39297.0,1748851000.0,50689000.0,,9581068.02,1857752.8,348909.0,-3942.0,288284.0,-3820.0,49019.0,18366.0,16949.0,547253.577,220.555,,198094.036
2007-08-31,2007/8/1,109.48,116973,4.537000179,283518,166545,3976442.0,296590,456993.0,5096938.0,-40608.0,2278584000.0,29929000.0,,9643361.7,2008870.53,553108.0,-5432.0,459887.0,-4121.0,32083.0,16517.0,33453.0,561098.6575,190.238,,197426.1501
2007-09-30,2007/9/1,109.28,-112866,4.578999996,172488,285354,4026772.0,296513,456916.0,5049305.0,-39441.0,1406622000.0,1960000.0,,8957748.67,1829449.18,,,,,44386.0,,,561098.1505,176.312,,197125.8914
2007-10-31,2007/10/1,110.02,56838,4.474999905,235014,178175,4081375.0,297300,469446.0,5067079.0,-38413.0,1313038000.0,28468000.0,,12462930.21,2086347.92,326155.0,-2738.0,308381.0,-3766.0,48587.0,14821.0,10620.0,561097.603,160.0,,196870.7041
2007-11-30,2007/11/1,113.92,98238,3.971999884,249293,151055,4073662.0,296943,470669.0,5146579.0,-38434.0,1677525000.0,19914000.0,,18137731.09,1879373.31,500847.0,-3787.0,421347.0,-3766.0,36899.0,16271.0,27959.0,558541.7229,97.0,,196649.3206
2007-12-31,2007/12/1,113.39,-48261,4.034999847,228721,276982,4164266.0,293239,471686.0,5136303.0,-37237.0,1132988000.0,20767000.0,,39144552.18,3277712.48,370756.0,-2503.0,381032.0,-3700.0,45199.0,16533.0,8233.0,558537.8349,90.923,,196452.3789
2008-01-31,2008/1/1,116.72,-17839,3.638999939,237379,255217,4181707.0,286451,472013.0,5132265.0,-36792.0,1503767000.0,17626000.0,,29269784.86,2887843.21,385720.0,-2865.0,389758.0,-3310.0,48997.0,18306.0,14508.0,558536.7784,92.031,,195689.6468
2008-02-29,2008/2/1,118.69,175563,3.53399992,281287,105723,4175632.0,284921,471797.0,5259804.0,-36563.0,1222059000.0,12984000.0,,19738711.98,2408771.17,499735.0,-2630.0,372196.0,-2859.0,31513.0,14275.0,31759.0,571830.4004,94.208,,195583.0653
2008-03-31,2008/3/1,118.95,48212,3.431999922,227028,178816,4183685.0,286344,474056.0,5334116.0,-35080.0,1188226000.0,10726000.0,,26690525.18,3111812.25,450969.0,-1431.0,376657.0,-2914.0,40635.0,17682.0,8560.0,571829.5994,91.549,,195425.0576
2008-04-30,2008/4/1,115.81,-159282,3.759000063,244469,403751,4213642.0,286818,490272.0,5244195.0,-33750.0,1075036800.0,8467800.0,,45768030.39,2640763.74,382713.0,-997.0,472634.0,-2327.0,47460.0,16455.0,9630.0,571828.9219,69.229,,195326.5055
2008-05-31,2008/5/1,113.95,165927,4.046000004,290199,124272,4190825.0,280017,494295.0,5278699.0,-34122.0,1306912600.0,3410400.0,,16159168.28,1816565.85,470869.0,-2408.0,436365.0,-2036.0,40292.0,19485.0,26653.0,581059.2056,76.0,,195225.4768
2008-06-30,2008/6/1,113.92,-33547,3.979000092,226365,259912,4288079.0,275203,497468.0,5285064.0,-34535.0,1105163900.0,48605300.0,,9042454.32,1532995.58,443279.0,-2359.0,436914.0,-1946.0,44112.0,17847.0,14027.0,581058.8716,64.0,,195002.5403
2008-07-31,2008/7/1,114.83,102767,3.979000092,263261,160494,4266035.0,265534,516527.0,5403382.0,-35962.0,1791104600.0,20246900.0,,9974518.38,1444612.45,522843.0,-3385.0,404525.0,-1958.0,47875.0,19589.0,15826.0,581057.7681,75.8078,,194752.8014
2008-08-31,2008/8/1,116.69,111914,3.812999964,268930,157016,4250862.0,261553,521385.0,5479100.0,-36730.0,1458466800.0,9449800.0,,7994071.76,1284476.18,473051.0,-2786.0,397333.0,-2018.0,35651.0,20534.0,32758.0,582874.1345,59.0,,194467.1735
2008-09-30,2008/9/1,114.62,-45734,3.826999903,226494,272228,4297677.0,260238,524537.0,5808692.0,-36124.0,1699781000.0,43722500.0,,8462401.2,1617238.42,,,,,40127.0,,,582871.5363,4368.0,,194253.4656
2008-10-31,2008/10/1,113.08,155533,3.970000029,320360,164827,4358403.0,254564,536150.0,6302794.0,-37562.0,2016743000.0,21107700.0,,11278829.26,1648224.79,1115223.0,-3799.0,621121.0,-2361.0,47563.0,13464.0,6028.0,582870.3733,3955.0,,194236.3035
2008-11-30,2008/11/1,122.89,125201,2.957000017,269970,144769,4353747.0,253455,535437.0,6396591.0,-36916.0,1144049800.0,15467000.0,,16780814.49,1476127.85,642405.0,-1757.0,548608.0,-2403.0,40142.0,13810.0,21231.0,594641.6771,3149.0,,194216.1284
2008-12-31,2008/12/1,125.75,51754,2.243999958,289540,237786,4421658.0,249318,530130.0,6369319.0,-34119.0,868430400.0,31693500.0,,24984806.56,2232543.51,574032.0,648.0,601304.0,-2149.0,44443.0,10069.0,5768.0,594641.143,2774.061773,,194074.5565
2009-01-31,2009/1/1,122.67,63457,2.844000101,289548,226090,4406044.0,244800,516703.0,6317299.0,-31215.0,1206648300.0,3147800.0,,41226141.42,2511076.04,683210.0,981.0,735230.0,-1923.0,51359.0,6558.0,-358.0,594640.862,2751.315076,,193809.7628
2009-02-28,2009/2/1,121.7,193859,3.040999889,281171,87312,4391447.0,241929,511510.0,6579163.0,-30874.0,1163637000.0,20078200.0,1970600.0,24274042.32,1735340.96,673130.0,-916.0,411266.0,-1257.0,34013.0,8527.0,25873.0,609353.172,2682.938313,,194057.249
2009-03-31,2009/3/1,124.08,191589,2.684999943,320514,128926,4388682.0,240096,513120.0,6833543.0,-31759.0,1133149600.0,34857100.0,1366900.0,28422999.15,1949440.69,826643.0,-2245.0,572263.0,-1360.0,39640.0,17120.0,11493.0,620548.4363,2920.923423,,193975.1194
2009-04-30,2009/4/1,120.94,20907,3.124000072,287113,266206,4403906.0,238195,529858.0,6930825.0,-31506.0,1175745900.0,16032100.0,,27898726.09,1648416.32,738046.0,-994.0,640764.0,-1247.0,46896.0,17576.0,10320.0,620548.2671,2195.1678,,193998.1661
2009-05-31,2009/5/1,118.62,189651,3.464999914,306868,117217,4399423.0,235523,531019.0,7019322.0,-31059.0,957585700.0,8030600.0,6640200.0,7118623.09,1397716.52,679017.0,-716.0,590520.0,-1163.0,40176.0,16725.0,23445.0,632545.9337,811.5938,,193870.7561
2009-06-30,2009/6/1,116.27,94332,3.523000002,309671,215340,4468613.0,232965,532326.0,7174912.0,-33257.0,866097600.0,47954100.0,4673000.0,4945728.56,1509922.0,788076.0,-3217.0,632486.0,-1019.0,44498.0,16277.0,11955.0,643660.3126,1609.9508,,193591.5504
2009-07-31,2009/7/1,117.28,180680,3.500999928,332160,151481,4431781.0,223901,548048.0,7335598.0,-33847.0,1032869700.0,41448100.0,2459600.0,4149772.33,1412366.57,885469.0,-1572.0,724783.0,-982.0,49074.0,17177.0,12601.0,654845.3634,1775.959,,193266.8577
2009-08-31,2009/8/1,118.55,103555,3.401000023,249084,145529,4425942.0,218336,552413.0,7484145.0,-34347.0,886231800.0,50068900.0,6609700.0,3666631.57,1269978.71,765270.0,-1435.0,616723.0,-935.0,32365.0,20073.0,36782.0,667776.2033,2032.375,,192822.1732
2009-09-30,2009/9/1,118.33,45207,3.306999922,264088,218880,4454316.0,216488,551736.0,7551862.0,-33905.0,831591400.0,43109900.0,7267200.0,3341922.56,1190661.17,,,,,41348.0,,,679800.0384,2309.171,,192452.4677
2009-10-31,2009/10/1,118.61,176363,3.39199996,311656,135293,4501135.0,215785,567094.0,7487887.0,-31211.0,1041527000.0,5597800.0,1758200.0,3449496.65,1281697.71,614692.0,1806.0,678667.0,-888.0,53452.0,17072.0,4968.0,691887.6587,2867.056,,192171.6828
2009-11-30,2009/11/1,121.17,120287,3.200999975,253850,133563,4497408.0,212891,567515.0,7712387.0,-31589.0,765050600.0,78726200.0,6705100.0,13071909.24,1524719.83,751352.0,-1079.0,526852.0,-701.0,38318.0,15885.0,31019.0,704861.8718,3227.823,,191799.4878
2009-12-31,2009/12/1,115.45,91410,3.842999935,310329,218919,4597132.0,214138,568055.0,7811009.0,-32129.0,905858900.0,29596600.0,2365600.0,18951248.13,2113913.35,731419.0,-1201.0,632797.0,-661.0,47316.0,16734.0,7736.0,717931.1803,3259.052,,191297.8089
2010-01-31,2010/1/1,118.16,42634,3.608999968,247873,205239,4616193.0,207658,564271.0,7759490.0,-33112.0,696442400.0,7829500.0,4231200.0,31692775.6,2451235.81,380762.0,-1615.0,432281.0,-632.0,56333.0,16991.0,7974.0,731435.7428,3687.089,,190900.7061
2010-02-28,2010/2/1,118.91,220909,3.595000029,328429,107520,4601837.0,204133,571435.0,7936671.0,-33369.0,828797100.0,40578000.0,16832000.0,15517397.64,1541649.45,608504.0,-818.0,431323.0,-561.0,38631.0,14203.0,31905.0,749232.2906,3832.596,,190660.8469
2010-03-31,2010/3/1,116.25,65387,3.832999945,218745,153358,4580640.0,208494,573199.0,8290069.0,-34264.0,762989300.0,77365300.0,7337400.0,15677011.55,1670121.08,819163.0,-1528.0,465765.0,-633.0,44065.0,18763.0,13329.0,762385.9682,3605.072,,190292.7006
2010-04-30,2010/4/1,117.91,82689,3.663000107,327950,245260,4611722.0,209445,561207.0,8434435.0,-35423.0,900637900.0,51499400.0,5468300.0,15540626.89,1500918.29,828405.0,-1797.0,684039.0,-638.0,52164.0,17013.0,8914.0,776337.4656,3795.5162,,190063.1349
2010-05-31,2010/5/1,120.67,135927,3.301000118,282721,146794,4598742.0,209330,563218.0,8494419.0,-35646.0,742202800.0,25919000.0,5842300.0,8360529.36,1528869.8,568837.0,-913.0,508853.0,-690.0,46226.0,19652.0,25590.0,793731.4143,4014.6692,,189854.8555
2010-06-30,2010/6/1,122.55,68422,2.950999975,319470,251048,4669888.0,204002,564462.0,8633680.0,-35143.0,696257400.0,57133800.0,1800600.0,6906640.63,1551481.95,816606.0,-134.0,677345.0,-637.0,50096.0,18041.0,14171.0,806805.7329,4216.5562,,189664.7474
2010-07-31,2010/7/1,123.81,165043,2.907000065,320588,155546,4638636.0,195589,576911.0,8702458.0,-33755.0,798524000.0,14449700.0,1795800.0,6078263.25,1633834.98,752690.0,747.0,683912.0,-641.0,60462.0,18155.0,7789.0,819809.234,4113.488,,189420.1961
2010-08-31,2010/8/1,126.5,90526,2.476999998,254524,163998,4627455.0,192658,583639.0,8927061.0,-34302.0,620077700.0,72665200.0,11040300.0,6102992.12,1781987.3,855721.0,-1189.0,631118.0,-642.0,37588.0,17154.0,40028.0,836767.3683,3992.344,,189039.7576
2010-09-30,2010/9/1,126.05,34607,2.51699996,279813,245207,4645280.0,193208,593840.0,9022808.0,-33870.0,644091900.0,35340900.0,2458300.0,5751612.7,1801602.66,,,,,46991.0,,,849907.5873,3853.3048,,188796.4049
2010-10-31,2010/10/1,126.28,140432,2.611999989,286384,145951,4706387.0,195009,604653.0,9069879.0,-32703.0,493908500.0,-2461800.0,1480900.0,7688479.5,2151391.76,588137.0,540.0,511066.0,-627.0,61146.0,18689.0,4534.0,863021.9076,3816.3828,,188674.3895
2010-11-30,2010/11/1,125.05,150394,2.796999931,299364,148970,4693896.0,194181,615353.0,9275025.0,-32261.0,484880100.0,36369500.0,6415500.0,6230671.88,2141574.91,770007.0,-144.0,564861.0,-586.0,42160.0,17760.0,36746.0,879450.7691,3804.6338,,188400.5325
2010-12-31,2010/12/1,120.44,78134,3.305000067,315009,236875,4745249.0,192928,616106.0,9390476.0,-33922.0,598370200.0,30402700.0,5706900.0,8346294.87,2741988.44,783259.0,-2272.0,667808.0,-611.0,52050.0,18954.0,9064.0,892639.6369,4211.0468,,188006.8763
2011-01-31,2011/1/1,120.8,49796,3.378000021,276346,226550,4755829.0,187213,615814.0,9485417.0,-35806.0,472985900.0,30587600.0,5309800.0,15507724.84,3320671.57,657773.0,-2506.0,562832.0,-622.0,57665.0,18778.0,13163.0,905924.5037,3957.8,,187537.1573
2011-02-28,2011/2/1,120.34,222507,3.414000034,333163,110656,4741324.0,182360,626343.0,9565541.0,-36088.0,491014200.0,41636700.0,21405500.0,7783934.81,2361958.19,654073.0,-854.0,573949.0,-572.0,38003.0,17957.0,37619.0,922290.5085,3872.5,,187303.2648
2011-03-31,2011/3/1,119.03,188154,3.453999996,339048,150894,4733014.0,181922,640840.0,9651643.0,-34994.0,554801100.0,46042700.0,6605500.0,7487679.95,2467580.46,777328.0,473.0,691226.0,-621.0,49043.0,21797.0,10757.0,935289.1711,3815.0,,186863.7841
2011-04-30,2011/4/1,121.14,40387,3.296000004,329929,289543,4748039.0,180849,635429.0,9654950.0,-33648.0,429384900.0,19220100.0,9260800.0,6583016.7,2275465.19,519336.0,781.0,516029.0,-565.0,64112.0,21648.0,6579.0,948928.9523,3828.488,,186561.5446
2011-05-31,2011/5/1,124.03,57641,3.049999952,232577,174936,4684821.0,175651,653818.0,9723456.0,-33903.0,518144700.0,121149000.0,10434900.0,31579337.75,2691659.71,632981.0,-805.0,564475.0,-550.0,44619.0,25227.0,44720.0,964928.8472,3753.2,,186428.0472
2011-06-30,2011/6/1,122.33,43080,3.157999992,292738,249658,4620377.0,166423,665523.0,9742223.0,-32691.0,803958800.0,95045800.0,7698100.0,21559196.9,2328810.81,619106.0,704.0,600339.0,-508.0,54605.0,22774.0,12788.0,977924.2478,3774.0,,186085.2647
2011-07-31,2011/7/1,125.69,129376,2.805000067,288439,159063,4588205.0,155835,681504.0,9755796.0,-31599.0,667715300.0,20553700.0,3508200.0,22262987.8,2238528.55,427203.0,592.0,413630.0,-500.0,66936.0,22368.0,10037.0,990924.1464,4104.8344,,185758.1724
2011-08-31,2011/8/1,130.03,134143,2.217999935,303388,169246,4791292.0,150918,693766.0,10024253.0,-31348.0,751347300.0,164741200.0,5220000.0,26040796.79,2668616.36,859800.0,-239.0,591343.0,-490.0,41109.0,18668.0,44495.0,1007413.895,3997.0854,,185368.4598
2011-09-30,2011/9/1,130.09,62750,1.924000025,302903,240153,4793916.0,151831,705693.0,10127031.0,-29538.0,927896200.0,106948300.0,3872800.0,21090593.43,2844373.66,,,,,51470.0,,,1020412.854,4005.5074,,185187.2286
2011-10-31,2011/10/1,129.06,98466,2.174999952,261539,163072,4872195.0,154480,715183.0,10256015.0,-26060.0,801681100.0,88889600.0,2027700.0,32236562.65,2819979.35,593875.0,3034.0,464891.0,-444.0,61016.0,21276.0,11730.0,1033412.646,3986.2704,,185621.6035
2011-11-30,2011/11/1,130.16,137302,2.068000078,289704,152402,4857215.0,154665,727802.0,10389958.0,-25648.0,744724200.0,90922700.0,2426900.0,29833201.03,3024867.65,616438.0,-9.0,482495.0,-421.0,45137.0,19841.0,35720.0,1050636.755,3921.6914,,185492.8512
2011-12-31,2011/12/1,131.12,85967,1.871000051,325930,239963,4913919.0,152058,738755.0,10447663.0,-24418.0,885953800.0,34720600.0,2178000.0,43446777.42,4953445.04,585349.0,805.0,527644.0,-425.0,62206.0,18088.0,1019.0,1064112.328,4001.084,,185278.235
2012-01-31,2012/1/1,132.25,27407,1.799000025,261726,234319,4922040.0,144401,745672.0,10572374.0,-23827.0,721649700.0,161034200.0,2038400.0,107051340.8,7845850.05,682767.0,184.0,558056.0,-407.0,61830.0,18853.0,19229.0,1078034.59,4151.794,,185198.7609
2012-02-29,2012/2/1,131.27,231677,1.976999998,335090,103413,4902079.0,143880,753039.0,10722996.0,-24251.0,819815100.0,112152300.0,9696500.0,55072760.67,5940226.2,663892.0,-814.0,513270.0,-390.0,40531.0,16507.0,37806.0,1095985.378,4017.3472,,185033.0438
2012-03-31,2012/3/1,129.48,198157,2.21600008,369372,171215,4870770.0,152781,769036.0,10846825.0,-24638.0,845965500.0,21285800.0,4164600.0,56567998.25,5399316.31,680064.0,-833.0,556235.0,-446.0,58192.0,22597.0,4936.0,1109888.036,3998.2557,,184839.6366
2012-04-30,2012/4/1,132.28,-59117,1.914999962,259690,318807,4912450.0,159742,769607.0,10916071.0,-24315.0,740882900.0,148077400.0,3650700.0,54885312.61,5332834.22,718046.0,-127.0,648800.0,-450.0,61057.0,22333.0,19468.0,1125253.473,4001.226,,184913.3509
2012-05-31,2012/5/1,134.91,124636,1.58099997,305348,180713,4901692.0,163153,788548.0,11006251.0,-24469.0,1056758300.0,90950600.0,6604700.0,40658674.13,5393294.64,727571.0,-615.0,637391.0,-461.0,44773.0,25195.0,41479.0,1142254.468,3957.792,,184670.1512
2012-06-30,2012/6/1,133.38,59741,1.659000039,319919,260177,4953138.0,162015,798089.0,11044185.0,-22782.0,777615300.0,16930300.0,1865100.0,28288714.22,4926495.69,490427.0,1237.0,452493.0,-450.0,61539.0,21182.0,4416.0,1156172.21,3372.254,,184433.1688
2012-07-31,2012/7/1,134.66,69604,1.491999984,254190,184585,4952852.0,154019,782921.0,11122282.0,-20342.0,787408500.0,146902000.0,2064300.0,27919269.75,4930979.09,662783.0,1968.0,584686.0,-472.0,61459.0,18552.0,18632.0,1169171.94,3522.32,,184211.8484
2012-08-31,2012/8/1,134.75,190533,1.562000036,369393,178860,4885472.0,154589,795947.0,11272626.0,-19930.0,977196400.0,94347500.0,5638100.0,29798897.82,5107352.39,791381.0,-75.0,641037.0,-487.0,40536.0,17996.0,38919.0,1185172.117,3424.16,,183849.7598
2012-09-30,2012/9/1,133.48,-75180,1.636999965,186386,261566,4939455.0,158514,807765.0,11269586.0,-19225.0,794716700.0,18332400.0,2786700.0,24447323.43,4210881.2,,,,,57222.0,,,1198167.294,3451.89,,183661.0447
2012-10-31,2012/10/1,133.03,119995,1.68599999,304311,184316,4992141.0,163558,819016.0,11411598.0,-19267.0,877302000.0,156672800.0,3547000.0,33584263.86,5082396.0,714213.0,-511.0,572201.0,-469.0,61211.0,23355.0,19366.0,1211167.205,3318.14,,183489.4495
2012-11-30,2012/11/1,134.12,172112,1.605999947,333841,161730,4959905.0,158866,835776.0,11553201.0,-18420.0,1327896400.0,84720300.0,4997400.0,30203935.23,5141502.08,781531.0,382.0,639928.0,-465.0,43354.0,22231.0,40088.0,1227162.178,3303.95,,183186.5334
2012-12-31,2012/12/1,132.78,1191,1.756000042,270699,269508,4999647.0,162587,849844.0,11581518.0,-17951.0,1293732900.0,81875100.0,3069300.0,56548696.98,11290284.04,663982.0,-9.0,635665.0,-478.0,54749.0,18957.0,7562.0,1240161.136,3492.47,,182513.3268
2013-01-31,2013/1/1,131.28,-2886,1.985000014,269340,272225,4943694.0,157729,860935.0,11560176.0,-17872.0,1494956600.0,102995500.0,3333200.0,110898075.1,8635662.47,605717.0,-362.0,627059.0,-441.0,61861.0,15372.0,8260.0,1253161.112,3535.83,,182244.5406
2013-02-28,2013/2/1,132.7,203539,1.888000011,326354,122815,5008104.0,153957,867669.0,11822436.0,-18057.0,1124258200.0,101757100.0,5288500.0,39620620.41,4637076.39,796262.0,-578.0,534002.0,-393.0,39037.0,15237.0,38061.0,1269160.87,3488.25,,182054.4294
2013-03-31,2013/3/1,131.98,106530,1.851999998,292548,186018,4998995.0,157814,882793.0,11916888.0,-17160.0,1122242100.0,27679900.0,5288500.0,36123325.83,4573014.27,589354.0,452.0,494902.0,-445.0,57054.0,21632.0,3615.0,1282160.829,3491.0083,,181783.3342
2013-04-30,2013/4/1,133.36,-112889,1.674999952,293834,406723,5032189.0,163574,891569.0,11943148.0,-15517.0,1114120000.0,152511500.0,3896500.0,38218175.58,4949882.23,760525.0,1236.0,734265.0,-407.0,60782.0,25743.0,22015.0,1295160.683,3541.6803,,181558.9239
2013-05-31,2013/5/1,130.25,138732,2.164000034,335914,197182,4958796.0,166692,907170.0,11897151.0,-15764.0,1173467900.0,75241800.0,2606100.0,30445043.79,4676693.47,654336.0,-617.0,700333.0,-370.0,43206.0,21668.0,39244.0,1311160.579,3386.5023,,181232.571
2013-06-30,2013/6/1,126.56,-116501,2.477999926,170126,286627,4972693.0,154875,913478.0,11901292.0,-18967.0,921814800.0,12931100.0,2936300.0,19090275.98,4024277.62,493418.0,-3549.0,489277.0,-346.0,60224.0,17669.0,651.0,1324160.46,3538.9313,,180958.016
2013-07-31,2013/7/1,126.44,97597,2.592999935,297627,200030,4901566.0,138083,904596.0,11917023.0,-22661.0,961401600.0,129757500.0,2188000.0,20817399.22,4362174.61,613433.0,-4060.0,597702.0,-366.0,61589.0,20799.0,19434.0,1337159.536,3325.3263,,180629.849
2013-08-31,2013/8/1,125.34,147905,2.749000072,333275,185370,4809725.0,127632,922837.0,11967014.0,-22693.0,1090794500.0,34233900.0,6166900.0,16426800.35,3801716.89,639086.0,-399.0,589095.0,-367.0,45486.0,21226.0,37329.0,1353158.352,3079.8503,,180269.8144
2013-09-30,2013/9/1,126.39,-75114,2.61500001,226355,301469,4803100.0,124079,936379.0,11976279.0,-24444.0,845865800.0,138219700.0,4755700.0,14722031.74,3472730.16,,,,,51195.0,,,1366158.271,3044.249,,180022.0158
2013-10-31,2013/10/1,127.36,90586,2.542000055,289514,198927,5125910.0,120597,944602.0,12187370.0,-26383.0,994010400.0,56644600.0,1673100.0,14843699.73,3686597.58,877660.0,-2308.0,666569.0,-369.0,62162.0,21042.0,10075.0,1379158.234,59.598,,179792.39
2013-11-30,2013/11/1,126.64,135226,2.740999937,317679,182453,5092114.0,118936,958743.0,12281126.0,-26550.0,899846100.0,34000300.0,6595500.0,32582016.19,3923551.05,538660.0,-534.0,444904.0,-367.0,49283.0,19940.0,32819.0,1395153.243,52.015,,179608.1363
2013-12-31,2013/12/1,123.05,-53220,3.026000023,231821,285041,5152908.0,115488,972596.0,12355427.0,-27041.0,876288900.0,128864800.0,2731300.0,45679274.06,8257532.24,675189.0,-876.0,600888.0,-385.0,55773.0,17277.0,10787.0,1408152.938,43.345,,179226.1796
2014-01-31,2014/1/1,125.75,10250,2.667999983,306247,295997,5143596.0,110348,959099.0,12308143.0,-27895.0,1164640100.0,130546800.0,5213500.0,86577922.8,7596282.17,561623.0,-1235.0,608907.0,-381.0,63801.0,17903.0,9873.0,1421152.94,43.255,15000.0775,178858.5808
2014-02-28,2014/2/1,126.11,193532,2.657999992,337880,144349,5131071.0,107175,967984.0,12492550.0,-28573.0,906829700.0,129052500.0,9123900.0,30191001.97,3980793.34,639791.0,-1030.0,455384.0,-352.0,39675.0,17903.0,42029.0,1437152.576,39.271,28000.1665,178679.1344
2014-03-31,2014/3/1,123.5,36895,2.72300005,252741,215846,5143995.0,108536,984478.0,12619319.0,-28548.0,744171900.0,88448600.0,5962000.0,26906908.22,4051056.25,575124.0,-373.0,448355.0,-398.0,52427.0,23488.0,10736.0,1450152.587,38.929,41000.3172,178371.9996
2014-04-30,2014/4/1,124.42,-106853,2.648000002,307383,414237,5166533.0,112423,989217.0,12503468.0,-28006.0,939563000.0,119890500.0,1825400.0,24369049.33,3728620.98,524554.0,160.0,640405.0,-382.0,63379.0,23233.0,12281.0,1463152.518,45.594,56000.5639,178127.923
2014-05-31,2014/5/1,126.33,129971,2.457000017,329860,199889,5143360.0,112277,1008437.0,12538030.0,-27842.0,1069941000.0,53239100.0,7543700.0,37246813.02,3985293.27,594110.0,-212.0,559548.0,-376.0,50949.0,26461.0,38891.0,1479147.649,43.967,68995.128,177999.5161
2014-06-30,2014/6/1,125.17,-70519,2.516000032,253127,323646,5223926.0,111858,1019187.0,12572220.0,-27762.0,719527600.0,206194900.0,6142400.0,25723026.13,3729146.6,645887.0,-275.0,611697.0,-355.0,56683.0,22954.0,17220.0,1492147.585,47.721,81995.3971,177676.905
2014-07-31,2014/7/1,124.61,94621,2.555999994,309113,214493,5203137.0,108822,1013796.0,12651478.0,-28101.0,1001092100.0,117264500.0,3100600.0,23092662.58,3640584.41,648263.0,-699.0,569005.0,-360.0,65004.0,23830.0,15509.0,1505144.553,53.543,96995.4947,177343.2531
2014-08-31,2014/8/1,126.33,128677,2.342999935,322925,194248,5186514.0,105440,1031888.0,12732612.0,-27972.0,825559800.0,61379700.0,8926900.0,18730606.16,3528419.48,539749.0,-235.0,458615.0,-364.0,48053.0,22215.0,39166.0,1521144.435,56.899,109995.6612,177029.577
2014-09-30,2014/9/1,124.64,-105803,2.507999897,245441,351245,5212466.0,105668,1044727.0,12784971.0,-29379.0,704519500.0,176036400.0,1929900.0,20637983.71,3678017.99,,,,,53831.0,,,1534144.441,75.922,122990.4191,176761.5608
2014-10-31,2014/10/1,126.36,121713,2.335000038,334432,212719,5258745.0,106915,1050164.0,12857056.0,-27588.0,882828900.0,111315900.0,3517700.0,22574670.67,4054905.83,632346.0,723.0,560261.0,-1068.0,65494.0,18792.0,7129.0,1547144.401,71.625,137990.6092,176609.6376
2014-11-30,2014/11/1,127.66,56818,2.194000006,248254,191436,5263111.0,112324,1063848.0,12922682.0,-28411.0,676489200.0,48817300.0,2670800.0,20954967.93,3534763.31,499694.0,-1166.0,434068.0,-343.0,51744.0,20571.0,34321.0,1563165.786,79.602,150990.6816,176399.341
2014-12-31,2014/12/1,126.8,-1864,2.170000076,333463,335327,5298211.0,116490,1077554.0,13023951.0,-28516.0,732070900.0,167836900.0,4552400.0,38191746.17,7394139.41,679800.0,-477.0,578531.0,-372.0,58371.0,18070.0,11443.0,1576165.792,79.067,163990.7828,175969.8249
2015-01-31,2015/1/1,130.88,14996,1.674999952,321738,306742,5277355.0,113684,1063727.0,12984930.0,-26238.0,1007281500.0,35485500.0,652100.0,72930126.46,7978351.84,491168.0,1901.0,530189.0,-377.0,73423.0,15408.0,356.0,1589165.258,76.922,163990.7828,175637.8257
2015-02-28,2015/2/1,128.42,192359,2.002000093,331747,139388,5265153.0,112764,1067070.0,13074036.0,-26704.0,837779900.0,111744800.0,3706600.0,25678505.13,3987815.45,592514.0,-807.0,503408.0,-341.0,47538.0,13086.0,38971.0,1594648.224,78.274,191991.2396,175330.6867
2015-03-31,2015/3/1,128.91,52918,1.934000015,287105,234187,5183075.0,117933,1075224.0,13090399.0,-27720.0,650311800.0,174339000.0,6699900.0,22147542.06,3764115.23,591602.0,-1409.0,575239.0,-393.0,54400.0,16239.0,9377.0,1607646.968,61.701,204991.452,174957.858
2015-04-30,2015/4/1,128.38,-156709,2.046000004,315092,471801,5182728.0,117427,1074242.0,13053681.0,-27473.0,909817600.0,146435500.0,329800.0,17763396.42,3332963.96,605891.0,-149.0,642609.0,-396.0,65733.0,24011.0,12678.0,1620646.012,51.4598,220046.3723,174629.5659
2015-05-31,2015/5/1,128.31,84068,2.095000029,296454,212386,5147519.0,110687,1092759.0,13052706.0,-27689.0,715130200.0,72645600.0,4028800.0,12035834.83,3635780.69,440156.0,-626.0,441131.0,-410.0,52361.0,26562.0,39934.0,1637007.694,57.772,233046.3928,174359.3935
2015-06-30,2015/6/1,126.17,-50487,2.335000038,292447,342933,5134875.0,99767,1102355.0,13076414.0,-29416.0,702611300.0,191331400.0,4146300.0,9785864.26,3397369.79,641577.0,-2135.0,617869.0,-408.0,57988.0,22077.0,16450.0,1650007.342,82.145,246046.1463,173980.8478
2015-07-31,2015/7/1,127.44,149187,2.204999924,374680,225493,5042973.0,88986,1101929.0,13135045.0,-29835.0,821970400.0,119887600.0,723800.0,8859133.41,3598313.38,613873.0,-844.0,555242.0,-425.0,67087.0,26006.0,16907.0,1663007.326,118.751,261046.27,173637.3668
2015-08-31,2015/8/1,127.64,64412,2.200000048,275248,210837,5017900.0,81077,1122148.0,13119753.0,-30291.0,661840400.0,86231100.0,2202100.0,7437749.49,3537452.95,549915.0,-907.0,565207.0,-451.0,43293.0,24469.0,48263.0,1675306.041,104.72,274046.0236,173254.791
2015-09-30,2015/9/1,128.73,-90871,2.059999943,274580,365451,5013530.0,78115,1135431.0,14173424.0,-33800.0,623367900.0,77993700.0,684700.0,6543932.02,3033407.35,,,,,55731.0,,,1688305.206,97.028,287045.8371,172825.9167
2015-10-31,2015/10/1,127.69,136558,2.151000023,347604,211046,5070498.0,74963,1141013.0,13060657.0,-31954.0,843812300.0,23960600.0,4565800.0,7267950.44,3313268.47,375121.0,-1063.0,438311.0,-487.0,74213.0,19121.0,639.0,1701304.881,2073.846,287045.8371,172536.8203
2015-11-30,2015/11/1,127.02,64549,2.217999935,269517,204968,5426315.0,74169,1152235.0,13588988.0,-32762.0,760369700.0,192362800.0,2810100.0,33090869.74,3523036.12,987406.0,-1305.0,459075.0,-497.0,46806.0,20319.0,47726.0,1711802.501,104.316,315045.845,172186.8484
2015-12-31,2015/12/1,125.91,14444,2.269000053,364075,349631,5436812.0,75154,1167924.0,13672522.0,-33090.0,902899300.0,115308100.0,7571800.0,38266518.74,7307368.59,694439.0,-918.0,610905.0,-590.0,59832.0,20740.0,7714.0,1724802.168,110.019,328041.2624,171630.1212
2016-01-31,2016/1/1,129.58,-55163,1.930999994,258416,313579,5547416.0,73300,1160358.0,13657155.0,-32514.0,926049000.0,38099300.0,2161600.0,52757249.52,7240066.08,519133.0,-95.0,534500.0,-671.0,75846.0,19169.0,3155.0,1737796.954,99.445,328041.2624,171159.6835
2016-02-29,2016/2/1,130.91,192610,1.74000001,361757,169147,5534318.0,75618,1165990.0,13785189.0,-33469.0,948310800.0,193424400.0,4372300.0,23944538.61,4381574.62,827203.0,-1644.0,699169.0,-689.0,43953.0,16641.0,48534.0,1748541.529,106.636,315313.5573,170824.4827
2016-03-31,2016/3/1,130.39,108043,1.786000013,335891,227848,5533654.0,82799,1181128.0,13924878.0,-34505.0,927286100.0,103273700.0,2738400.0,20509201.02,3782856.71,842384.0,-1829.0,702695.0,-793.0,57399.0,23137.0,9691.0,1760539.603,112.695,328313.6217,170370.1402
2016-04-30,2016/4/1,130.06,-106452,1.819000006,331980,438432,5540299.0,90016,1156800.0,13841195.0,-34308.0,883412700.0,55484100.0,1002100.0,20968603.88,3694588.53,456090.0,-638.0,539773.0,-835.0,75880.0,21898.0,3417.0,1772617.958,118.049,328313.6217,169955.8768
2016-05-31,2016/5/1,129.8,52507,1.833999991,277111,224603,5574935.0,95502,1175389.0,13886303.0,-34389.0,875146000.0,201400300.0,2520800.0,13310969.0,3758146.36,781700.0,-933.0,736592.0,-852.0,47819.0,26260.0,54321.0,1772196.766,121.717,319309.6094,169501.4451
2016-06-30,2016/6/1,132.98,-6252,1.488000035,323320,329572,5647975.0,101784,1186716.0,13932743.0,-34569.0,936061500.0,66793500.0,2867500.0,9105193.79,3171933.66,728566.0,-1019.0,682126.0,-839.0,59963.0,26387.0,14243.0,1784191.801,154.044,332309.6259,169053.4742
2016-07-31,2016/7/1,133.05,112819,1.457999945,322817,209998,5631012.0,101841,1180513.0,13998220.0,-32995.0,748407300.0,24227300.0,1222300.0,9249523.71,3569518.2,561617.0,706.0,496140.0,-868.0,76401.0,26306.0,9868.0,1796971.383,157.741,332309.6259,168625.9123
2016-08-31,2016/8/1,131.88,107112,1.567999959,338438,231327,5608243.0,102946,1200003.0,14104114.0,-32993.0,930133500.0,143169000.0,2346100.0,8652438.97,3696077.72,845289.0,-892.0,739395.0,-894.0,44569.0,25284.0,57116.0,1813507.203,166.849,320357.213,168016.8937
2016-09-30,2016/9/1,131.12,-33445,1.60800004,323178,356623,5604069.0,109211,1209967.0,14673429.0,-39204.0,1048883200.0,86190100.0,901400.0,7794746.66,5586446.54,,,,,57110.0,,,1825507.046,168.713,334149.6917,167524.3682
2016-10-31,2016/10/1,129.62,45831,1.833999991,267523,221692,5723507.0,113221,1216293.0,14286501.0,-34366.0,874089900.0,84160000.0,1916800.0,8762658.18,4469344.13,691265.0,-1514.0,578188.0,-948.0,68860.0,22312.0,10562.0,1837505.347,174.307,309056.1663,166892.4475
2016-11-30,2016/11/1,125.23,136669,2.368000031,336544,199875,5713582.0,114568,1231391.0,14443700.0,-34854.0,837098500.0,99699400.0,3348000.0,39455638.29,4025886.91,784664.0,-1484.0,627465.0,-996.0,47218.0,23548.0,45190.0,1837001.519,185.202,322056.1681,166411.8999
2016-12-31,2016/12/1,124.28,27337,2.446000099,346541,319204,5747933.0,109779,1247203.0,14434842.0,-36214.0,1106932500.0,49355200.0,2763400.0,52479373.83,7476015.5,665708.0,-2470.0,674566.0,-1110.0,67276.0,23195.0,3137.0,1849001.396,183.983,335056.2,165853.1799
2017-01-31,2017/1/1,124.47,-51257,2.450999975,292812,344069,5768690.0,107675,1238605.0,14376139.0,-37268.0,955495700.0,181066600.0,1514200.0,74600088.06,9117659.26,738003.0,-2238.0,796706.0,-1184.0,69742.0,19940.0,17474.0,1861666.199,189.435,310006.7654,165154.546
2017-02-28,2017/2/1,125.11,192044,2.35800004,363757,171713,5757968.0,105935,1246900.0,14411381.0,-37618.0,1023413100.0,113229500.0,10307500.0,27662952.25,3845937.44,688720.0,-1467.0,653478.0,-1117.0,43430.0,20114.0,46426.0,1878397.882,197.793,323006.6638,164791.8408
2017-03-31,2017/3/1,124.56,176233,2.395999908,392816,216584,5577222.0,106229,1266334.0,14369682.0,-39205.0,1388188800.0,112045900.0,1242800.0,24745127.6,4118378.14,844000.0,-2864.0,885699.0,-1277.0,57474.0,29043.0,14999.0,1890397.534,239.69,337580.3807,164286.4488
2017-04-30,2017/4/1,125.72,-182428,2.282000065,273177,455605,5597243.0,102784,1238544.0,14293345.0,-38949.0,1242381400.0,53977900.0,6732500.0,28011885.97,3288612.73,613543.0,-1171.0,689880.0,-1427.0,76483.0,25217.0,6208.0,1902496.087,221.58,337580.3807,163817.9321
2017-05-31,2017/5/1,126.56,88423,2.196000099,328841,240418,5568532.0,99516,1252342.0,14298976.0,-39628.0,1145157800.0,162611800.0,3619700.0,26647061.72,3923191.65,856152.0,-2259.0,850521.0,-1580.0,48431.0,22951.0,51003.0,1906887.403,220.397,326572.437,163367.6099
2017-06-30,2017/6/1,125.53,90233,2.302000046,428894,338660,5548842.0,91463,1261645.0,14366186.0,-39458.0,1418264700.0,95097000.0,2132600.0,14520617.63,3283713.56,782571.0,-1474.0,715361.0,-1644.0,61102.0,24747.0,12076.0,1918886.899,225.541,341152.6714,162894.8336
2017-07-31,2017/7/1,125.89,42939,2.292000055,274980,232040,5505410.0,84800,1260611.0,14360944.0,-39186.0,1190639400.0,93657000.0,2004200.0,12795550.24,3099321.64,667583.0,-1540.0,672825.0,-1812.0,70661.0,23149.0,13590.0,1931160.236,232.349,316678.4202,162607.6254
2017-08-31,2017/8/1,127.25,107689,2.121000051,334000,226311,5476269.0,80752,1276295.0,14381562.0,-39349.0,1372564800.0,116362500.0,2036700.0,12504044.99,3649761.62,779608.0,-2125.0,758990.0,-1962.0,45556.0,22918.0,48023.0,1939705.01,3305.3009,329678.3553,162021.7738
2017-09-30,2017/9/1,125.31,-7886,2.325999975,340837,348722,5771144.0,80359,1286516.0,15761155.0,-44766.0,1090804100.0,28126000.0,2783200.0,10733004.9,2968245.93,,,,,65462.0,,,1951704.806,3290.5509,342678.811,161705.231
2017-10-31,2017/10/1,124.94,63214,2.375999928,298555,235341,5893523.0,82149,1295397.0,14751446.0,-39678.0,1226324200.0,176094800.0,2104900.0,1411083510.0,90424256.61,767048.0,-2603.0,689031.0,-2129.0,70864.0,26081.0,20679.0,1963703.948,3294.0409,317058.7348,161189.4381
2017-11-30,2017/11/1,124.31,138547,2.417000055,346922,208374,5875032.0,85018,1313853.0,14918736.0,-40649.0,1539772000.0,129891500.0,2272200.0,45003955.89,3897661.83,906411.0,-3196.0,739121.0,-2225.0,49481.0,28644.0,50027.0,1980525.011,3262.1037,330051.8369,160901.7653
2017-12-31,2017/12/1,124.05,23192,2.404999971,348989,325797,5727513.0,92447,1327528.0,14814721.0,-41038.0,1322890400.0,51781900.0,1232800.0,42338956.19,6902131.65,637254.0,-2820.0,741269.0,-2431.0,70521.0,22213.0,1173.0,1992524.061,3293.2359,343051.8802,160475.5066
2018-01-31,2018/1/1,121.58,-49237,2.720000029,311801,361038,5700656.0,86570,1323059.0,14803170.0,-42777.0,1667724300.0,242723900.0,974500.0,86068683.75,9281915.8,854537.0,-4359.0,866088.0,-2620.0,72958.0,22754.0,20317.0,2004929.724,3202.4029,318983.9992,159902.4004
2018-02-28,2018/2/1,120.66,215239,2.868000031,370862,155623,5902818.0,83390,1331025.0,15150589.0,-44078.0,1802920100.0,180414200.0,5760700.0,26584435.05,3620994.91,830958.0,-3871.0,483539.0,-2570.0,46148.0,20757.0,47567.0,2023951.817,3219.2052,333984.9917,159475.3404
2018-03-31,2018/3/1,121.14,208743,2.740999937,419576,210832,5869320.0,84595,1348817.0,15428010.0,-46186.0,2474819000.0,35266600.0,1440000.0,21805329.32,3684172.12,941651.0,-5423.0,664230.0,-3315.0,68342.0,30662.0,8468.0,2036951.779,3164.3781,333984.9917,159040.0019
2018-04-30,2018/4/1,119.62,-214255,2.936000109,296192,510447,5945577.0,82219,1319445.0,15335128.0,-45217.0,2195435100.0,393518100.0,812200.0,21502344.35,3200043.31,932205.0,-2510.0,1025087.0,-3479.0,72865.0,29231.0,24708.0,2049973.943,7807.7192,325810.8144,158605.8018
2018-05-31,2018/5/1,120.73,146796,2.822000027,363871,217075,5932098.0,83595,1335592.0,15426913.0,-44123.0,2895906300.0,221710300.0,2679800.0,42051780.0,3207864.48,945791.0,-2625.0,854006.0,-3719.0,52380.0,27223.0,47708.0,2064354.662,11882.036,341810.9135,158233.2186
2018-06-30,2018/6/1,120.19,74858,2.848999977,391136,316278,5943775.0,79115,1345724.0,15466564.0,-43978.0,2186358600.0,47124400.0,2783100.0,19172039.5,2777689.72,625898.0,-3632.0,586247.0,-3777.0,74275.0,28837.0,6942.0,2078354.55,11611.4248,357810.9685,157865.8665
2018-07-31,2018/7/1,119.42,76865,2.963999987,302131,225266,5962236.0,76082,1347769.0,15569493.0,-43430.0,2386174300.0,337756200.0,2592600.0,16775519.47,3083940.92,907617.0,-3502.0,804688.0,-4050.0,76403.0,30243.0,28115.0,2092407.869,12260.7801,333948.5759,157526.8388
2018-08-31,2018/8/1,120.39,214148,2.852999926,433263,219115,5895873.0,72124,1365230.0,15785389.0,-44613.0,3046794000.0,225917900.0,2172600.0,15037699.3,3459892.66,1094276.0,-5580.0,878380.0,-4397.0,51100.0,27093.0,52396.0,2112822.575,12852.2406,352141.6479,157087.5561
2018-09-30,2018/9/1,118.78,-119116,3.055999994,224443,343559,5977617.0,71753,1376426.0,16809092.0,-42688.0,2451335300.0,58082900.0,1773600.0,12285285.48,2697858.85,,,,,73528.0,,,2127822.533,12840.0558,369141.7047,156809.1008
2018-10-31,2018/10/1,118.44,100491,3.15899992,353183,252692,6084109.0,72050,1382288.0,15843329.0,-46937.0,2931091000.0,416654300.0,1813600.0,13295721.66,2780868.63,906209.0,-6788.0,824035.0,-4617.0,78126.0,26301.0,21703.0,2142822.264,13189.4088,346235.25,156483.8798
2018-11-30,2018/11/1,119.55,204903,3.013000011,410864,205961,6032885.0,68985,1395899.0,16044318.0,-48566.0,3394718300.0,214939300.0,2879200.0,41421998.38,3416679.69,1081403.0,-6445.0,880414.0,-4816.0,56364.0,26640.0,48402.0,2158521.173,13208.5321,365815.7764,156225.037
2018-12-31,2018/12/1,122.02,13539,2.686000109,326123,312584,6101877.0,66197,1412591.0,16101666.0,-47144.0,2588647000.0,220187500.0,1634400.0,41750466.79,5990458.66,837807.0,-3833.0,780459.0,-5255.0,71910.0,28750.0,13204.0,2174521.135,13049.063,383815.0941,155795.1675
2019-01-31,2019/1/1,122.47,-8681,2.63499999,331299,339980,6113990.0,61438,1403787.0,16101227.0,-46156.0,4330847500.0,155068800.0,1411400.0,79030962.9,7428449.21,1024474.0,-4293.0,1024913.0,-5281.0,82192.0,22202.0,11920.0,2190515.708,12800.975,360290.2529,155254.133
2019-02-28,2019/2/1,121.75,233977,2.710999966,401243,167265,6097856.0,61179,1407739.0,16250898.0,-46697.0,3327838600.0,164163500.0,12227200.0,30645703.14,3432448.19,1004454.0,-5443.0,854783.0,-4902.0,53953.0,19857.0,48096.0,2200999.803,13090.7814,378285.159,154933.0387
2019-03-31,2019/3/1,124.22,146945,2.414000034,375756,228811,5840580.0,61975,1420969.0,16204392.0,-45698.0,2985053700.0,58724200.0,1526200.0,28655794.19,3317476.53,909745.0,-4662.0,956251.0,-5661.0,78976.0,29326.0,4303.0,2216999.608,13149.5906,396285.0955,154532.7614
2019-04-30,2019/4/1,123.67,-160305,2.509000063,375240,535545,5902566.0,58030,1390275.0,16192789.0,-46452.0,3417029800.0,313750200.0,840800.0,42700526.15,3334328.3,1120712.0,-6248.0,1132315.0,-5494.0,81694.0,31802.0,29084.0,2233001.564,10417.5566,371913.4909,154146.1929
2019-05-31,2019/5/1,126.38,207768,2.14199996,439833,232064,5846560.0,52845,1410296.0,16202283.0,-46143.0,3390035100.0,173698700.0,1883600.0,16733552.18,3633086.05,1028710.0,-5244.0,1019216.0,-5553.0,59999.0,34818.0,56513.0,2258474.052,10525.063,391803.4645,153752.2198
2019-06-30,2019/6/1,127.97,8477,2.0,342430,333952,5859045.0,47865,1432463.0,16188422.0,-44394.0,2699456700.0,35378500.0,2759500.0,10967478.92,2742259.79,733836.0,-3398.0,747697.0,-5147.0,84711.0,33732.0,9020.0,2274473.643,8453.4637,409803.4854,153407.3336
2019-07-31,2019/7/1,127.42,119696,2.020999908,371044,251348,5825469.0,43643,1432536.0,16211185.0,-42339.0,3113526500.0,168296000.0,433700.0,13475830.25,3480558.93,1030067.0,-2973.0,1007304.0,-5028.0,85093.0,30433.0,30051.0,2290609.638,8418.4299,388067.3178,153029.3956
2019-08-31,2019/8/1,131.05,200344,1.506000042,428309,227965,6084613.0,44786,1440026.0,16596816.0,-41837.0,2969636200.0,22325200.0,4599600.0,13726947.78,3605772.48,990929.0,-4415.0,605298.0,-4917.0,67597.0,29466.0,46962.0,2303067.202,8571.4831,406067.2189,152642.0185
2019-09-30,2019/9/1,130.31,-82768,1.674999952,291260,374028,6133658.0,53809,1455657.0,21018952.0,-26702.0,2800479800.0,149777800.0,8723900.0,13547701.79,3394358.98,,,,,73223.0,,,2319064.988,7548.2667,424067.1165,152354.8579
2019-10-31,2019/10/1,130.3,134467,1.690999985,379988,245521,6251829.0,62591,1474444.0,16981311.0,-43713.0,3223727500.0,79252500.0,501900.0,21005897.24,4142427.96,1172713.0,-5786.0,1000494.0,-4761.0,85106.0,27497.0,15614.0,2335064.787,5568.906,404784.8255,152087.8294
2019-11-30,2019/11/1,129.3,208838,1.776000023,434024,225185,6200010.0,68865,1487536.0,17105421.0,-42817.0,2594126700.0,26796000.0,2098500.0,14397330.62,3564279.33,936563.0,-3520.0,812453.0,-4416.0,70933.0,27757.0,41930.0,2363058.426,5837.1336,422784.986,151842.3473
2019-12-31,2019/12/1,128.42,13286,1.91900003,349091,335805,6262363.0,77752,1507365.0,17170442.0,-42239.0,2656721400.0,160494200.0,3170100.0,27258812.9,6959057.79,1106904.0,-3709.0,1041883.0,-4287.0,76359.0,31082.0,25656.0,2379057.235,5544.2624,440810.0596,151346.8326
2020-01-31,2020/1/1,131.66,32595,1.519999981,404883,372288,6251581.0,73720,1499571.0,17212635.0,-42297.0,3155658000.0,114289700.0,1487900.0,70436882.59,9599337.53,1016694.0,-4100.0,974501.0,-4042.0,86869.0,27331.0,16821.0,2395568.844,5492.7337,413026.4851,150728.6158
2020-02-29,2020/2/1,134.84,235278,1.126999974,423229,187951,6236576.0,76748,1506289.0,17413050.0,-42575.0,2756409500.0,19756000.0,4848800.0,24780197.37,4172232.37,986097.0,-4065.0,785682.0,-3787.0,68189.0,24781.0,43461.0,2413542.048,5525.005,431026.4553,150368.9748
2020-03-31,2020/3/1,138.69,118988,0.698000014,355754,236766,6261804.0,84402,1525477.0,17674771.0,-36845.0,3003750400.0,128315000.0,614000.0,38813962.36,5266168.84,1347942.0,1897.0,1086221.0,-3833.0,74059.0,32983.0,27113.0,2429557.189,5204.4822,449026.5384,150008.4897
2020-04-30,2020/4/1,139.06,738022,0.621999979,979885,241863,6173018.0,87257,1492915.0,19053619.0,-30251.0,2120033100.0,77619300.0,2243000.0,51250949.24,5934904.02,2506237.0,3744.0,1127389.0,-2850.0,85596.0,30463.0,18926.0,2446613.12,4980.8687,421767.2826,150101.0609
2020-05-31,2020/5/1,139.38,398754,0.648000002,572614,173861,6192110.0,88608,1502166.0,19812782.0,-29161.0,1936290900.0,26922600.0,1386400.0,12737734.81,4635584.97,2132674.0,-1265.0,1373511.0,-2355.0,70879.0,23817.0,38534.0,2472665.681,5033.4901,441767.0408,150082.8785
2020-06-30,2020/6/1,139.17,864074,0.652999997,1104903,240829,6208461.0,89242,1509484.0,20530278.0,-30555.0,1948392100.0,86333100.0,1884400.0,10649975.53,4303998.82,2486005.0,-3364.0,1768509.0,-1970.0,73957.0,16276.0,13198.0,2533360.644,4916.9258,461766.9522,149819.1276
2020-07-31,2020/7/1,140.08,62992,0.536000013,626487,563496,6157049.0,91851,1486749.0,20634400.0,-28394.0,1860412300.0,76436300.0,751500.0,13329147.83,4856706.29,1868177.0,329.0,1764055.0,-1832.0,84595.0,26127.0,15489.0,2572959.327,4978.7562,434323.6064,149447.7613
2020-08-31,2020/8/1,139.41,200012,0.693000019,423233,223221,6174279.0,95901,1501872.0,20822038.0,-27335.0,1775574900.0,42833800.0,2842800.0,14825307.51,4933882.18,1665397.0,-471.0,1477759.0,-1530.0,56838.0,33535.0,61292.0,2624535.396,5212.0582,456323.8322,149076.9202
2020-09-30,2020/9/1,139.53,124611,0.676999986,497780,373169,6196280.0,106607,1523191.0,22282900.0,-26840.0,1870481900.0,41009000.0,1666200.0,14006592.52,5086833.65,,,,,70600.0,,,2673492.792,5376.6729,478323.8991,148677.458
2020-10-31,2020/10/1,138.22,284071,0.860000014,521769,237698,6314081.0,116844,1544964.0,21096975.0,-26405.0,1712283300.0,28814000.0,164100.0,16250346.21,5627744.69,1588319.0,-911.0,1510296.0,-1208.0,92642.0,30653.0,8611.0,2697136.165,5517.8298,478323.8991,148286.121
2020-11-30,2020/11/1,138.53,145266,0.843999982,364819,219553,6375655.0,116269,1561227.0,21349472.0,-27401.0,1746704900.0,96055600.0,2462300.0,29609925.67,5299964.31,1919413.0,-2059.0,1666916.0,-1063.0,57830.0,27051.0,61863.0,2786619.289,5550.0978,474502.2636,147882.0007
2020-12-31,2020/12/1,138.08,143562,0.916999996,489682,346119,6390322.0,115786,1579270.0,21632419.0,-26738.0,1931831300.0,64158200.0,2559400.0,48429927.82,12202149.61,1992153.0,-343.0,1709206.0,-1006.0,71874.0,26307.0,12263.0,2839292.904,5668.1018,498502.3684,147129.6791
2021-01-31,2021/1/1,137.03,162832,1.093000054,547483,384651,6418212.0,114583,1549784.0,21643915.0,-26913.0,1681711400.0,31648700.0,1933000.0,105612009.0,20584545.35,1412538.0,-1084.0,1401042.0,-909.0,91998.0,24700.0,4576.0,2865705.49,5802.1768,498502.3684,146655.0925
2021-02-28,2021/2/1,133.8,310922,1.460000038,559236,248314,6424251.0,117109,1559989.0,21755737.0,-28189.0,1571194600.0,70365000.0,14896600.0,36500276.86,7197607.98,1651042.0,-2020.0,1539220.0,-744.0,62239.0,24453.0,54212.0,2919668.39,5738.9135,500292.2496,146319.8756
2021-03-31,2021/3/1,130.94,659603,1.746000051,927217,267614,6420855.0,121684,1581976.0,21986939.0,-33883.0,1605574700.0,115460200.0,5958400.0,33756622.51,6967707.74,1866812.0,-6446.0,1635610.0,-752.0,68613.0,31959.0,25585.0,3006314.526,5891.1185,526292.2902,145792.8793
2021-04-30,2021/4/1,132.03,225579,1.631000042,664766,439186,6392633.0,123708,1562186.0,22056055.0,-38066.0,1512078900.0,109556600.0,7260600.0,29541597.92,5361166.05,1797718.0,-4874.0,1728602.0,-691.0,81153.0,33231.0,20691.0,3062582.242,6073.5295,501469.1566,145269.2873
2021-05-31,2021/5/1,132.86,131953,1.58099997,595698,463745,6451133.0,125339,1585324.0,22020939.0,-37027.0,1377666400.0,50181200.0,2843600.0,123753647.1,6107922.7,1428315.0,395.0,1463431.0,-644.0,66009.0,36391.0,51535.0,3093839.087,6689.6865,527469.295,144915.1369
2021-06-30,2021/6/1,132.5,174161,1.442999959,623359,449199,6475076.0,122755,1618130.0,22329823.0,-33965.0,1571886100.0,153831800.0,8611600.0,281639968.9,7372898.27,1974837.0,2473.0,1665953.0,-589.0,70130.0,37492.0,33371.0,3179928.587,6702.2495,553469.6407,144692.8979
2021-07-31,2021/7/1,134.45,302050,1.238999963,564050,262000,6401459.0,135428,1603987.0,22284628.0,-28378.0,1495537900.0,26490300.0,561800.0,132674213.3,5871424.08,1473336.0,5011.0,1518531.0,-576.0,90903.0,38296.0,17523.0,3207879.53,6777.0535,553469.6407,144381.7822
2021-08-31,2021/8/1,134.05,170635,1.30400002,439013,268378,6173650.0,129562,1628633.0,22254544.0,-28016.0,1481366400.0,108670700.0,4439200.0,100190153.0,5315383.89,1910648.0,-209.0,1940732.0,-571.0,54571.0,39943.0,76275.0,3294109.648,6752.1723,553366.3884,144020.01
2021-09-30,2021/9/1,131.61,64940,1.529000044,524463,459523,6243318.0,127047,1652668.0,24299193.0,-71681.0,1407762400.0,71367200.0,1347800.0,77324639.47,4805015.35,,,,,69158.0,,,3347555.489,6795.2563,579366.423,143662.0569
2021-10-31,2021/10/1,130.7,165055,1.557000041,448983,283927,6476647.0,120298,1675032.0,22637090.0,-26112.0,1389038600.0,51427900.0,-168500.0,232828188.5,5130557.26,1371665.0,141.0,1017475.0,-587.0,91076.0,28759.0,6841.0,3373360.367,7615.0675,579366.423,143514.9452
2021-11-30,2021/11/1,131.55,191335,1.442999959,472543,281208,6266251.0,113852,1695272.0,22645912.0,-27921.0,1416796000.0,154308600.0,3563400.0,1069966300.0,9789852.28,1770103.0,-2384.0,1761281.0,-575.0,55716.0,28858.0,64218.0,3433525.328,7337.3925,576098.7904,144170.8578
2021-12-31,2021/12/1,130.47,21303,1.511999965,508026,486723,6739100.0,109703,1728595.0,23143747.0,-27245.0,1524100000.0,118533700.0,1230300.0,2776610077.0,19929298.01,1838257.0,69.0,1340422.0,-607.0,70835.0,39890.0,24771.0,3481511.355,7357.9765,603359.8342,146201.3285
2022-01-31,2022/1/1,127.97,-118699,1.781999946,346375,465074,6804276.0,108070,1705031.0,23487181.0,-29809.0,1599819700.0,153745100.0,1058200.0,3256939073.0,35941428.66,1496458.0,-3237.0,1153024.0,-673.0,83607.0,34268.0,21496.0,3530029.433,7549.9745,575182.3034,148838.9623
2022-02-28,2022/2/1,127.45,216590,1.838999987,506447,289857,6800284.0,112489,1720904.0,23776560.0,-32192.0,1836869900.0,182110300.0,7790900.0,907172446.0,8540716.46,1514183.0,-3173.0,1224804.0,-790.0,53137.0,28993.0,59463.0,3589195.613,7691.5634,597182.465,149349.0341
2022-03-31,2022/3/1,122.88,192634,2.326999903,507799,315165,6814679.0,118250,1751945.0,23879768.0,-34515.0,2358878100.0,288789100.0,5224600.0,919988022.2,7226034.48,1604221.0,-3544.0,1501013.0,-1221.0,69963.0,40763.0,23937.0,3631506.431,7578.4495,619182.9233,149758.0968
2022-04-30,2022/4/1,119.16,-308215,2.887000084,555429,863644,6815264.0,119066,1735639.0,23847245.0,-41654.0,2464395500.0,167260300.0,3606300.0,3730055534.0,9188076.86,1074497.0,-8813.0,1107020.0,-1674.0,93229.0,42193.0,18927.0,3656277.274,6275.2185,619182.9233,153141.4883
2022-05-31,2022/5/1,119.84,66223,2.844000101,455211,388988,6891257.0,114308,1775820.0,23904391.0,-47265.0,3635313000.0,871799500.0,8614600.0,4866754394.0,14986473.01,1585414.0,-7989.0,1528268.0,-2378.0,59240.0,50970.0,84959.0,3731432.155,6115.4645,604596.4391,157698.3913
2022-06-30,2022/6/1,118.39,88842,2.971999884,549598,460757,6959055.0,108208,1805996.0,23912160.0,-52550.0,4126482700.0,571228200.0,9904400.0,2964598784.0,10509169.14,1260028.0,-8285.0,1252259.0,-3000.0,76410.0,38238.0,21068.0,3766619.822,6178.2195,626596.8033,160439.8569
2022-07-31,2022/7/1,121.14,211052,2.64199996,480383,269331,6944610.0,103866,1789336.0,23952579.0,-56571.0,4379796400.0,100648600.0,1421300.0,2342997622.0,8918548.59,1079881.0,-8236.0,1039462.0,-4215.0,102009.0,49136.0,23537.0,3788041.432,6493.6315,626621.8033,162521.9699
2022-08-31,2022/8/1,117.0,219596,3.132999897,523318,303722,6968348.0,99065,1824656.0,24267551.0,-63378.0,7081072400.0,799380600.0,34763400.0,2248402907.0,10255619.92,1803202.0,-12675.0,1488230.0,-5868.0,62610.0,54870.0,94269.0,3844352.773,6638.0155,603977.2267,164355.2943
2022-09-30,2022/9/1,112.38,429776,3.803999901,917489,487723,6929803.0,109236,1840532.0,24299193.0,-71681.0,7744514700.0,839242100.0,7661600.0,2348959039.0,10446522.72,,,,,81183.0,,,3874352.143,6680.4895,625977.1773,166292.4312
2022-10-31,2022/10/1,110.88,87874,4.077000141,406374,318500,7188183.0,104454,1860886.0,24352542.0,-82031.0,9338234700.0,984640500.0,14469700.0,6781886368.0,17660717.08,1330585.0,-19138.0,1277236.0,-8788.0,94100.0,31762.0,18845.0,3904340.275,6875.0515,573224.8228,172555.84
2022-11-30,2022/11/1,113.5,248535,3.703000069,500646,252111,7157364.0,101819,1881707.0,24553457.0,-88129.0,11243372700.0,764193000.0,58259000.0,1008582647.0,13452460.23,1638950.0,-16499.0,1438035.0,-10401.0,68090.0,36213.0,62223.0,3941889.451,7011.6605,595214.1582,173217.6413
2022-12-31,2022/12/1,112.89,85001,3.878999949,539943,454942,7179347.0,99898,1908072.0,24517593.0,-89151.0,11059378700.0,186215100.0,1678700.0,942430381.4,14988987.11,1269824.0,-13193.0,1305688.0,-12171.0,99513.0,41677.0,10254.0,3959873.606,7215.6275,617204.1917,173499.8057
2023-01-31,2023/1/1,115.08,38784,3.529000044,486072,447288,7024099.0,99115,1870818.0,24583994.0,-88947.0,11988377300.0,920794100.0,46779200.0,4223309491.0,28361273.15,1774182.0,-13074.0,1707781.0,-13278.0,101418.0,33289.0,31384.0,4001861.708,7131.7605,557418.1945,176464.975
2023-02-28,2023/2/1,111.66,262434,3.915999889,524548,262114,6872104.0,99734,1876312.0,24609241.0,-92275.0,11290007300.0,406031900.0,40378900.0,1222407900.0,9736839.25,1593785.0,-17072.0,1568538.0,-13744.0,70658.0,26067.0,56827.0,4033694.114,7096.9704,579408.2858,177113.7872
2023-03-31,2023/3/1,115.61,378076,3.493999958,691317,313240,6772639.0,98170,1905608.0,24693515.0,-95111.0,16578163100.0,451514900.0,21094800.0,1159835432.0,11231592.27,1591845.0,-18797.0,1507571.0,-15961.0,92773.0,49846.0,27731.0,4063693.659,6972.9905,601407.1949,177841.0264
2023-04-30,2023/4/1,116.02,-176181,3.451999903,462340,638520,6863185.0,102242,1879776.0,24605068.0,-94243.0,13258307800.0,136820800.0,-7461300.0,1243796162.0,8937582.71,1222791.0,-14833.0,1311238.0,-15701.0,123653.0,45645.0,14765.0,4082825.022,7027.5335,601406.8949,178861.9583
2023-05-31,2023/5/1,114.47,240348,3.637,547835,307487,6835336.0,96363,1904897.0,24630686.0,-99849.0,14597031900.0,438395600.0,39781900.0,226380674.6,7941388.82,1908861.0,-22265.0,1883243.0,-16659.0,77182.0,42979.0,89450.0,4140503.53,6858.1425,564359.6943,178582.1075
2023-06-30,2023/6/1,112.88,227768,3.819,646085,418317,7150742.0,90481,1933629.0,25461998.0,-108085.0,14128966000.0,299794100.0,11658600.0,114304268.6,5279215.58,1938055.0,-25961.0,1106743.0,-17725.0,98908.0,49285.0,27559.0,4170502.205,6805.3735,586359.7624,178253.3667
2023-07-31,2023/7/1,111.97,220782,3.959,496942,276160,7178591.0,88043,1901965.0,25708799.0,-110581.0,13770712100.0,346311100.0,9858700.0,92673288.04,4977729.45,1758298.0,-23047.0,1511497.0,-20551.0,111448.0,43746.0,31206.0,4200350.812,6686.2202,527566.6634,177725.0661
2023-08-31,2023/8/1,111.03,-89255,4.093,193874,283130,7148949.24,84665,19162527.0,26044051.0,-117149.0,19019731700.0,499245100.0,41807100.0,14341230.85,930980.0,2332112.0,-28679.0,1996860.0,-22111.0,81711.0,45191.0,74928.0,4226927.268,6729.4072,551555.9597,176640.5119
2023-09-30,2023/9/1,108.06,170715,4.573,638188,467473,7117284.0,94168,,,,,,,,,,,,,,,,4246926.279,6763.986,575556.1608,175702.23
2023-10-31,2023/10/1,106.17,66563,,469997,403433,7402412.0,93001,,,,,,,,,,,,,,,,4292925.473,6884.4592,519452.3749,174128.1021
